[
    {
        "country_code": "ES",
        "country": "Spain",
        "values": [
            {
                "country": "Spain",
                "sex": "F",
                "value": 86.3
            },
            {
                "country": "Spain",
                "sex": "M",
                "value": 80.7
            }
        ]
    },
    {
        "country_code": "FR",
        "country": "France",
        "values": [
            {
                "country": "France",
                "sex": "F",
                "value": 85.9
            },
            {
                "country": "France",
                "sex": "M",
                "value": 79.7
            }
        ]
    },
    {
        "country_code": "CH",
        "country": "Switzerland",
        "values": [
            {
                "country": "Switzerland",
                "sex": "F",
                "value": 85.7
            },
            {
                "country": "Switzerland",
                "sex": "M",
                "value": 81.9
            }
        ]
    },
    {
        "country_code": "IT",
        "country": "Italy",
        "values": [
            {
                "country": "Italy",
                "sex": "F",
                "value": 85.6
            },
            {
                "country": "Italy",
                "sex": "M",
                "value": 81.2
            }
        ]
    },
    {
        "country_code": "LI",
        "country": "Liechtenstein",
        "values": [
            {
                "country": "Liechtenstein",
                "sex": "F",
                "value": 85.5
            },
            {
                "country": "Liechtenstein",
                "sex": "M",
                "value": 80.7
            }
        ]
    },
    {
        "country_code": "EFTA",
        "country": "European Free Trade Association",
        "values": [
            {
                "country": "European Free Trade Association",
                "sex": "F",
                "value": 85.2
            },
            {
                "country": "European Free Trade Association",
                "sex": "M",
                "value": 81.6
            }
        ]
    },
    {
        "country_code": "CY",
        "country": "Cyprus",
        "values": [
            {
                "country": "Cyprus",
                "sex": "F",
                "value": 84.8
            },
            {
                "country": "Cyprus",
                "sex": "M",
                "value": 80.9
            }
        ]
    },
    {
        "country_code": "EA18",
        "country": "Euro area - 18 countries (2014)",
        "values": [
            {
                "country": "Euro area - 18 countries (2014)",
                "sex": "F",
                "value": 84.6
            },
            {
                "country": "Euro area - 18 countries (2014)",
                "sex": "M",
                "value": 79.6
            }
        ]
    },
    {
        "country_code": "EA19",
        "country": "Euro area - 19 countries (from 2015)",
        "values": [
            {
                "country": "Euro area - 19 countries (from 2015)",
                "sex": "F",
                "value": 84.6
            },
            {
                "country": "Euro area - 19 countries (from 2015)",
                "sex": "M",
                "value": 79.5
            }
        ]
    },
    {
        "country_code": "LU",
        "country": "Luxembourg",
        "values": [
            {
                "country": "Luxembourg",
                "sex": "F",
                "value": 84.6
            },
            {
                "country": "Luxembourg",
                "sex": "M",
                "value": 80.1
            }
        ]
    },
    {
        "country_code": "MT",
        "country": "Malta",
        "values": [
            {
                "country": "Malta",
                "sex": "F",
                "value": 84.6
            },
            {
                "country": "Malta",
                "sex": "M",
                "value": 80.4
            }
        ]
    },
    {
        "country_code": "FI",
        "country": "Finland",
        "values": [
            {
                "country": "Finland",
                "sex": "F",
                "value": 84.5
            },
            {
                "country": "Finland",
                "sex": "M",
                "value": 79.1
            }
        ]
    },
    {
        "country_code": "IS",
        "country": "Iceland",
        "values": [
            {
                "country": "Iceland",
                "sex": "F",
                "value": 84.5
            },
            {
                "country": "Iceland",
                "sex": "M",
                "value": 81.3
            }
        ]
    },
    {
        "country_code": "NO",
        "country": "Norway",
        "values": [
            {
                "country": "Norway",
                "sex": "F",
                "value": 84.5
            },
            {
                "country": "Norway",
                "sex": "M",
                "value": 81.1
            }
        ]
    },
    {
        "country_code": "PT",
        "country": "Portugal",
        "values": [
            {
                "country": "Portugal",
                "sex": "F",
                "value": 84.5
            },
            {
                "country": "Portugal",
                "sex": "M",
                "value": 78.3
            }
        ]
    },
    {
        "country_code": "EL",
        "country": "Greece",
        "values": [
            {
                "country": "Greece",
                "sex": "F",
                "value": 84.4
            },
            {
                "country": "Greece",
                "sex": "M",
                "value": 79.3
            }
        ]
    },
    {
        "country_code": "SI",
        "country": "Slovenia",
        "values": [
            {
                "country": "Slovenia",
                "sex": "F",
                "value": 84.4
            },
            {
                "country": "Slovenia",
                "sex": "M",
                "value": 78.5
            }
        ]
    },
    {
        "country_code": "SE",
        "country": "Sweden",
        "values": [
            {
                "country": "Sweden",
                "sex": "F",
                "value": 84.3
            },
            {
                "country": "Sweden",
                "sex": "M",
                "value": 80.9
            }
        ]
    },
    {
        "country_code": "AT",
        "country": "Austria",
        "values": [
            {
                "country": "Austria",
                "sex": "F",
                "value": 84.1
            },
            {
                "country": "Austria",
                "sex": "M",
                "value": 79.4
            }
        ]
    },
    {
        "country_code": "IE",
        "country": "Ireland",
        "values": [
            {
                "country": "Ireland",
                "sex": "F",
                "value": 84.1
            },
            {
                "country": "Ireland",
                "sex": "M",
                "value": 80.5
            }
        ]
    },
    {
        "country_code": "BE",
        "country": "Belgium",
        "values": [
            {
                "country": "Belgium",
                "sex": "F",
                "value": 83.9
            },
            {
                "country": "Belgium",
                "sex": "M",
                "value": 79.4
            }
        ]
    },
    {
        "country_code": "EEA30_2007",
        "country": "EEA (2007-2013)",
        "values": [
            {
                "country": "EEA (2007-2013)",
                "sex": "F",
                "value": 83.7
            },
            {
                "country": "EEA (2007-2013)",
                "sex": "M",
                "value": 78.4
            }
        ]
    },
    {
        "country_code": "EU27_2007",
        "country": "EU 27 countries (2007-2013)",
        "values": [
            {
                "country": "EU 27 countries (2007-2013)",
                "sex": "F",
                "value": 83.7
            },
            {
                "country": "EU 27 countries (2007-2013)",
                "sex": "M",
                "value": 78.4
            }
        ]
    },
    {
        "country_code": "EU27_2020",
        "country": "EU 27 countries (from 2020)",
        "values": [
            {
                "country": "EU 27 countries (from 2020)",
                "sex": "F",
                "value": 83.7
            },
            {
                "country": "EU 27 countries (from 2020)",
                "sex": "M",
                "value": 78.2
            }
        ]
    },
    {
        "country_code": "EEA31",
        "country": "EEA (2013-2020)",
        "values": [
            {
                "country": "EEA (2013-2020)",
                "sex": "F",
                "value": 83.6
            },
            {
                "country": "EEA (2013-2020)",
                "sex": "M",
                "value": 78.4
            }
        ]
    },
    {
        "country_code": "EU28",
        "country": "EU 28 countries (2013-2020)",
        "values": [
            {
                "country": "EU 28 countries (2013-2020)",
                "sex": "F",
                "value": 83.6
            },
            {
                "country": "EU 28 countries (2013-2020)",
                "sex": "M",
                "value": 78.3
            }
        ]
    },
    {
        "country_code": "NL",
        "country": "Netherlands",
        "values": [
            {
                "country": "Netherlands",
                "sex": "F",
                "value": 83.4
            },
            {
                "country": "Netherlands",
                "sex": "M",
                "value": 80.3
            }
        ]
    },
    {
        "country_code": "DE",
        "country": "Germany",
        "values": [
            {
                "country": "Germany",
                "sex": "F",
                "value": 83.3
            },
            {
                "country": "Germany",
                "sex": "M",
                "value": 78.6
            }
        ]
    },
    {
        "country_code": "DE_TOT",
        "country": "Germany including former GDR",
        "values": [
            {
                "country": "Germany including former GDR",
                "sex": "F",
                "value": 83.3
            },
            {
                "country": "Germany including former GDR",
                "sex": "M",
                "value": 78.6
            }
        ]
    },
    {
        "country_code": "UK",
        "country": "United Kingdom",
        "values": [
            {
                "country": "United Kingdom",
                "sex": "F",
                "value": 83.1
            },
            {
                "country": "United Kingdom",
                "sex": "M",
                "value": 79.5
            }
        ]
    },
    {
        "country_code": "DK",
        "country": "Denmark",
        "values": [
            {
                "country": "Denmark",
                "sex": "F",
                "value": 82.9
            },
            {
                "country": "Denmark",
                "sex": "M",
                "value": 79.1
            }
        ]
    },
    {
        "country_code": "EE",
        "country": "Estonia",
        "values": [
            {
                "country": "Estonia",
                "sex": "F",
                "value": 82.7
            },
            {
                "country": "Estonia",
                "sex": "M",
                "value": 74.0
            }
        ]
    },
    {
        "country_code": "CZ",
        "country": "Czech Republic",
        "values": [
            {
                "country": "Czech Republic",
                "sex": "F",
                "value": 82.0
            },
            {
                "country": "Czech Republic",
                "sex": "M",
                "value": 76.2
            }
        ]
    },
    {
        "country_code": "PL",
        "country": "Poland",
        "values": [
            {
                "country": "Poland",
                "sex": "F",
                "value": 81.7
            },
            {
                "country": "Poland",
                "sex": "M",
                "value": 73.7
            }
        ]
    },
    {
        "country_code": "TR",
        "country": "Turkey",
        "values": [
            {
                "country": "Turkey",
                "sex": "F",
                "value": 81.6
            },
            {
                "country": "Turkey",
                "sex": "M",
                "value": 76.2
            }
        ]
    },
    {
        "country_code": "HR",
        "country": "Croatia",
        "values": [
            {
                "country": "Croatia",
                "sex": "F",
                "value": 81.5
            },
            {
                "country": "Croatia",
                "sex": "M",
                "value": 74.9
            }
        ]
    },
    {
        "country_code": "SK",
        "country": "Slovakia",
        "values": [
            {
                "country": "Slovakia",
                "sex": "F",
                "value": 80.8
            },
            {
                "country": "Slovakia",
                "sex": "M",
                "value": 73.9
            }
        ]
    },
    {
        "country_code": "LT",
        "country": "Lithuania",
        "values": [
            {
                "country": "Lithuania",
                "sex": "F",
                "value": 80.7
            },
            {
                "country": "Lithuania",
                "sex": "M",
                "value": 70.9
            }
        ]
    },
    {
        "country_code": "AL",
        "country": "Albania",
        "values": [
            {
                "country": "Albania",
                "sex": "F",
                "value": 80.5
            },
            {
                "country": "Albania",
                "sex": "M",
                "value": 77.4
            }
        ]
    },
    {
        "country_code": "AM",
        "country": "Armenia",
        "values": [
            {
                "country": "Armenia",
                "sex": "F",
                "value": 79.7
            },
            {
                "country": "Armenia",
                "sex": "M",
                "value": 73.4
            }
        ]
    },
    {
        "country_code": "LV",
        "country": "Latvia",
        "values": [
            {
                "country": "Latvia",
                "sex": "F",
                "value": 79.7
            },
            {
                "country": "Latvia",
                "sex": "M",
                "value": 70.1
            }
        ]
    },
    {
        "country_code": "HU",
        "country": "Hungary",
        "values": [
            {
                "country": "Hungary",
                "sex": "F",
                "value": 79.6
            },
            {
                "country": "Hungary",
                "sex": "M",
                "value": 72.7
            }
        ]
    },
    {
        "country_code": "BY",
        "country": "Belarus",
        "values": [
            {
                "country": "Belarus",
                "sex": "F",
                "value": 79.5
            },
            {
                "country": "Belarus",
                "sex": "M",
                "value": 69.3
            }
        ]
    },
    {
        "country_code": "ME",
        "country": "Montenegro",
        "values": [
            {
                "country": "Montenegro",
                "sex": "F",
                "value": 79.3
            },
            {
                "country": "Montenegro",
                "sex": "M",
                "value": 74.5
            }
        ]
    },
    {
        "country_code": "RO",
        "country": "Romania",
        "values": [
            {
                "country": "Romania",
                "sex": "F",
                "value": 79.2
            },
            {
                "country": "Romania",
                "sex": "M",
                "value": 71.7
            }
        ]
    },
    {
        "country_code": "MK",
        "country": "Macedonia",
        "values": [
            {
                "country": "Macedonia",
                "sex": "F",
                "value": 78.8
            },
            {
                "country": "Macedonia",
                "sex": "M",
                "value": 74.6
            }
        ]
    },
    {
        "country_code": "BG",
        "country": "Bulgaria",
        "values": [
            {
                "country": "Bulgaria",
                "sex": "F",
                "value": 78.6
            },
            {
                "country": "Bulgaria",
                "sex": "M",
                "value": 71.5
            }
        ]
    },
    {
        "country_code": "RS",
        "country": "Serbia",
        "values": [
            {
                "country": "Serbia",
                "sex": "F",
                "value": 78.4
            },
            {
                "country": "Serbia",
                "sex": "M",
                "value": 73.5
            }
        ]
    },
    {
        "country_code": "AZ",
        "country": "Azerbaijan",
        "values": [
            {
                "country": "Azerbaijan",
                "sex": "F",
                "value": 78.3
            },
            {
                "country": "Azerbaijan",
                "sex": "M",
                "value": 73.5
            }
        ]
    },
    {
        "country_code": "GE",
        "country": "Georgia",
        "values": [
            {
                "country": "Georgia",
                "sex": "F",
                "value": 78.2
            },
            {
                "country": "Georgia",
                "sex": "M",
                "value": 69.7
            }
        ]
    },
    {
        "country_code": "UA",
        "country": "Ukraine",
        "values": [
            {
                "country": "Ukraine",
                "sex": "F",
                "value": 78.0
            },
            {
                "country": "Ukraine",
                "sex": "M",
                "value": 68.1
            }
        ]
    }
]