Series Name,Series Code,country_name,country_code,YR1990,YR2000,YR2011,YR2012,YR2013,YR2014,YR2015,YR2016,YR2017,YR2018,YR2019,YR2020
"Labor force, female (% of total labor force)",SL.TLF.TOTL.FE.ZS,Afghanistan,AFG,15.6555053609421,14.9556440759652,15.7032519696421,16.1140224326991,16.9593220440996,17.8482571484625,18.786208174185,19.8176761252978,20.8970576970748,21.2721971649173,21.4470610984489,21.6186890798279
"Labor force, female (% of total labor force)",SL.TLF.TOTL.FE.ZS,Albania,ALB,41.4829469504201,41.6384398438849,42.4088203590381,42.3882017126546,41.2509928383807,40.6227873626698,41.5237886972476,41.4466594414032,41.4294056584216,41.4669102640168,41.4753375958865,41.471733852273
"Labor force, female (% of total labor force)",SL.TLF.TOTL.FE.ZS,Algeria,DZA,13.0756609924164,13.5178160529942,17.831188114867,18.8272664410865,19.2175966150127,18.3709854681003,18.2105483057716,18.0371538831264,17.806934415074,17.5683591656242,17.6268859224283,17.6715591413856
"Labor force, female (% of total labor force)",SL.TLF.TOTL.FE.ZS,American Samoa,ASM,..,..,..,..,..,..,..,..,..,..,..,..
"Labor force, female (% of total labor force)",SL.TLF.TOTL.FE.ZS,Andorra,AND,..,..,..,..,..,..,..,..,..,..,..,..
"Labor force, female (% of total labor force)",SL.TLF.TOTL.FE.ZS,Angola,AGO,48.2722098300448,49.0241850157129,49.8665201765631,49.9101329121523,49.9537928599519,50.0035569899111,50.0509139551099,50.0983085494172,50.154904594908,50.2114677077288,50.2530636701935,50.2931089528877
"Labor force, female (% of total labor force)",SL.TLF.TOTL.FE.ZS,Antigua and Barbuda,ATG,..,..,..,..,..,..,..,..,..,..,..,..
"Labor force, female (% of total labor force)",SL.TLF.TOTL.FE.ZS,Argentina,ARG,39.3851997629884,42.1350797573078,41.4441797960581,41.599605177296,41.4418411787855,41.2453685739753,41.609166560609,41.9785045550336,42.3421908976806,43.0035458898206,42.9627108154406,42.917038534661
"Labor force, female (% of total labor force)",SL.TLF.TOTL.FE.ZS,Armenia,ARM,43.3366597561404,46.7450097696463,47.0968958477893,47.1797255557094,47.2496783915904,47.1147505231511,46.8917982431496,46.1220508052678,46.2138314413421,46.1844242889801,46.1673180854043,46.1332334444546
"Labor force, female (% of total labor force)",SL.TLF.TOTL.FE.ZS,Aruba,ABW,..,..,..,..,..,..,..,..,..,..,..,..
"Labor force, female (% of total labor force)",SL.TLF.TOTL.FE.ZS,Australia,AUS,41.3840269823312,43.6304715385082,45.2855100803646,45.4364108097111,45.5631115945243,45.7393170586989,45.9052011995672,46.1628392543325,46.3362550968803,46.5006466123901,46.5336226223925,46.568383500162
"Labor force, female (% of total labor force)",SL.TLF.TOTL.FE.ZS,Austria,AUT,41.0341677222639,43.5129694446005,46.335324551163,46.5071910603353,46.5790575630271,46.7084314130298,46.6744664057139,46.7054643299612,46.6188922827494,46.4255403955435,46.406015487422,46.4026088508401
"Labor force, female (% of total labor force)",SL.TLF.TOTL.FE.ZS,Azerbaijan,AZE,44.5761965378891,46.6552331788383,48.976215066374,48.960722410461,48.8930916817236,48.9481370658043,49.0198853235987,48.7836753977986,48.7288090138347,48.7600794491983,48.7539723115409,48.7659559991859
"Labor force, female (% of total labor force)",SL.TLF.TOTL.FE.ZS,"Bahamas, The",BHS,45.9314216964107,47.8548903921469,47.5735245639749,47.6801535294878,47.6333539800134,47.5953160605887,47.598464823577,47.4913110996081,47.5060841085359,47.5410644478715,47.5117881274664,47.4030673188425
"Labor force, female (% of total labor force)",SL.TLF.TOTL.FE.ZS,Bahrain,BHR,17.6650845583153,21.2674497786857,21.0261687051285,21.2822055612269,21.5692361628702,21.74642880219,21.7326245830093,21.3822904732151,20.9129232061007,20.4788992824925,20.0547912170558,19.7752428789097
"Labor force, female (% of total labor force)",SL.TLF.TOTL.FE.ZS,Bangladesh,BGD,20.5255941718836,22.5946263218746,26.3251379594884,26.8085644153576,27.2892738200418,27.7714190073839,28.2597858011217,28.7521721486159,30.1746664730954,30.3430043791907,30.4878522061468,30.6301103591369
"Labor force, female (% of total labor force)",SL.TLF.TOTL.FE.ZS,Barbados,BRB,46.7843714957895,48.3699547860609,49.1437965203891,48.9639218064142,49.331829057169,49.7801283970329,49.3879667368946,49.4191940389098,49.4261021995656,49.3709517493594,49.3264475582114,49.480056474957
"Labor force, female (% of total labor force)",SL.TLF.TOTL.FE.ZS,Belarus,BLR,48.3281083839055,48.7827761540634,49.6662392536219,49.6768300975192,49.6722437997747,49.6640517121869,49.6533977749622,49.6784887984624,49.4720343290988,49.0307863472319,48.9791104893861,48.927601093192
"Labor force, female (% of total labor force)",SL.TLF.TOTL.FE.ZS,Belgium,BEL,39.0892121714912,42.9850613634133,45.2412838061347,45.2703783273049,45.6468177538006,45.9818080865301,46.0490790676097,45.9262352150283,45.8425717209555,46.2062395181533,46.2009077537759,46.2076891709426
"Labor force, female (% of total labor force)",SL.TLF.TOTL.FE.ZS,Belize,BLZ,29.1653223204491,32.8164450899341,37.0087649051142,37.2176605960735,37.4223474436504,37.737530279129,38.1061354581673,38.7809591153755,38.4953518073005,38.6704319511281,38.8468131351043,38.9832998677702
"Labor force, female (% of total labor force)",SL.TLF.TOTL.FE.ZS,Benin,BEN,41.7485811522584,45.8714142709727,49.0866702160153,49.074729050025,49.0784313383001,49.0889728695395,49.099060864215,49.1075060533789,49.1355045353961,49.1765058952008,49.19318149139,49.2227601615874
"Labor force, female (% of total labor force)",SL.TLF.TOTL.FE.ZS,Bermuda,BMU,..,..,..,..,..,..,..,..,..,..,..,..
"Labor force, female (% of total labor force)",SL.TLF.TOTL.FE.ZS,Bhutan,BTN,40.7045120434242,42.9066717788283,43.0516622444202,45.4984601038439,41.352897946884,40.0384590454379,41.0725765716123,41.0563111803819,40.9636901773934,40.8198105192976,40.7140508044253,40.5727303148086
"Labor force, female (% of total labor force)",SL.TLF.TOTL.FE.ZS,Bolivia,BOL,40.9149989537079,42.1229387844866,42.9343728324387,42.0554158762061,42.4635115172703,42.7636245698796,40.7070456903079,42.1578823885091,42.9116133435878,44.1890717320182,44.1551153136178,44.1186278491064
"Labor force, female (% of total labor force)",SL.TLF.TOTL.FE.ZS,Bosnia and Herzegovina,BIH,38.2099421122432,38.1651205617094,38.7211628500894,38.5859640154441,39.1638194118973,39.7305642567705,39.6785155261971,39.0842760013064,39.6376113652781,39.2000854745543,39.2248083376197,39.2535453197452
"Labor force, female (% of total labor force)",SL.TLF.TOTL.FE.ZS,Botswana,BWA,42.53814680546,44.9587360790528,46.8061613926227,47.4287338973093,48.2042116845371,48.4913934157995,48.6732094075662,48.7561008812495,48.7900140615366,48.814105159855,48.6977725543906,48.6407378247666
"Labor force, female (% of total labor force)",SL.TLF.TOTL.FE.ZS,Brazil,BRA,34.1352526276752,39.9702492488229,41.9958210554965,42.2681667469588,42.2811723996442,42.3855816998045,42.7165178775088,42.8642792374297,43.3825869134675,43.5765987969631,43.5837641014618,43.5889359717138
"Labor force, female (% of total labor force)",SL.TLF.TOTL.FE.ZS,British Virgin Islands,VGB,..,..,..,..,..,..,..,..,..,..,..,..
"Labor force, female (% of total labor force)",SL.TLF.TOTL.FE.ZS,Brunei Darussalam,BRN,32.8288147596652,40.7737015322524,41.5468207262074,41.6598573575846,41.7892138603732,41.9426178174417,42.1233520522523,42.3639404726165,42.6364466021244,42.7413525348953,42.8479203172554,43.029412034111
"Labor force, female (% of total labor force)",SL.TLF.TOTL.FE.ZS,Bulgaria,BGR,48.0766805898782,45.9065270131159,46.5047607388177,46.6410481509607,46.6531497382877,46.5228814691659,46.5250785739525,46.324032162804,46.4027332626387,46.1616641834059,46.1684249947118,46.1828904829568
"Labor force, female (% of total labor force)",SL.TLF.TOTL.FE.ZS,Burkina Faso,BFA,48.5134914864826,45.8315423024826,43.8957451829595,44.1233259437317,44.3963315371169,44.7153335123689,44.7015459615644,44.6916990328882,44.6908675500062,44.7018877131409,44.6185452932315,44.5359441475422
"Labor force, female (% of total labor force)",SL.TLF.TOTL.FE.ZS,Burundi,BDI,52.1096003810127,52.2149604947076,52.1070966602047,52.116529978301,52.127302625058,52.1376250134174,52.0644705107823,51.9988523675693,51.941220972121,51.8948451312248,51.8583402715946,51.8194124401025
"Labor force, female (% of total labor force)",SL.TLF.TOTL.FE.ZS,Cabo Verde,CPV,37.9316800085578,40.0948860050079,40.6971478054874,41.1664880747468,41.6804343812576,42.2052932595457,42.7175565590324,43.2316218201242,43.7461763009317,43.9876780175147,44.085000546168,44.2251522302348
"Labor force, female (% of total labor force)",SL.TLF.TOTL.FE.ZS,Cambodia,KHM,51.2094332400345,51.6432005442332,50.2903639984937,49.5304074958013,48.6424349371739,48.4517364033745,48.2875054189898,48.4953369436611,48.4447834084904,48.4156131160376,48.3787671533214,48.3408740662561
"Labor force, female (% of total labor force)",SL.TLF.TOTL.FE.ZS,Cameroon,CMR,48.102378015995,48.3231290907028,46.8885883146741,46.8887269056557,46.8992590818284,46.9198554122955,46.9517175556824,46.9810835088246,47.0205515639936,47.0704882939819,47.0261931561833,46.9811227054116
"Labor force, female (% of total labor force)",SL.TLF.TOTL.FE.ZS,Canada,CAN,44.0767805000588,45.7001440654118,47.0900457106422,47.2226923395396,47.308419719659,47.1877614653958,47.0524319304651,47.1768378701595,47.2743377454871,47.3663152635956,47.3736372020255,47.3809160677944
"Labor force, female (% of total labor force)",SL.TLF.TOTL.FE.ZS,Cayman Islands,CYM,..,..,..,..,..,..,..,..,..,..,..,..
"Labor force, female (% of total labor force)",SL.TLF.TOTL.FE.ZS,Central African Republic,CAF,46.1394644243953,46.3315589160288,45.6480071873218,45.5498209926861,45.4279580997922,45.3845229008167,45.3697290304,45.4620312231811,45.5767377509577,45.7096650581663,45.6732682471326,45.6538305287255
"Labor force, female (% of total labor force)",SL.TLF.TOTL.FE.ZS,Chad,TCD,45.7808702114154,45.1136241277187,45.0245398597136,45.0715759226153,45.1322323902551,45.208622455641,45.2953049952889,45.3502074782403,45.4243827353481,45.5191474130729,45.5333750531227,45.5434771758552
"Labor force, female (% of total labor force)",SL.TLF.TOTL.FE.ZS,Channel Islands,CHI,41.1574285251836,43.1408560737928,43.2804884176675,43.4638362622697,43.7005387330485,43.8026784617275,44.0298416787159,44.2063549420635,44.2492356201032,44.2457968269003,44.2657991473569,44.1957471599184
"Labor force, female (% of total labor force)",SL.TLF.TOTL.FE.ZS,Chile,CHL,31.2673410261735,34.9702753025986,40.5764263853832,40.7978647442654,41.069999015965,41.3894747375271,41.315493846212,41.5803850070829,41.8740804835109,42.2261296906348,42.2488826773851,42.2774365103669
"Labor force, female (% of total labor force)",SL.TLF.TOTL.FE.ZS,China,CHN,45.1758990985201,45.0877821205366,44.0566771856664,44.0388481304008,44.0326223325229,44.0159628335992,43.9858233478791,43.9435140682815,43.8863502537198,43.8151546656335,43.7106861640624,43.6071649996632
"Labor force, female (% of total labor force)",SL.TLF.TOTL.FE.ZS,Colombia,COL,39.1835394973082,41.0773162550016,42.4732825830107,42.9616434898995,43.0986064067545,43.0561796944861,43.2545972047922,43.2093330753291,43.171070589855,42.938801790117,42.9490458813737,42.9679584098247
"Labor force, female (% of total labor force)",SL.TLF.TOTL.FE.ZS,Comoros,COM,36.9633607677397,38.4357017028773,41.0741931642253,41.2092598400933,41.3612565445026,41.4900010361621,41.6162326410688,41.7286227217734,41.879377837597,42.0584673613253,42.1363817293028,42.3427927947513
"Labor force, female (% of total labor force)",SL.TLF.TOTL.FE.ZS,"Congo, Dem. Rep.",COD,51.3046168511094,50.2425304778198,48.6239853038257,48.3648136656664,48.3467074824108,48.3531066222967,48.3683033822799,48.3468789634035,48.3595179765548,48.404667327993,48.3494702726853,48.2958238246877
"Labor force, female (% of total labor force)",SL.TLF.TOTL.FE.ZS,"Congo, Rep.",COG,49.4729914420672,49.8739771796515,49.1613149988587,49.0694219895116,49.0032048147572,48.9809842944629,48.9578519436666,48.9451338458764,48.9548080088444,49.0123547428244,49.0188143925228,49.0341163121679
"Labor force, female (% of total labor force)",SL.TLF.TOTL.FE.ZS,Costa Rica,CRI,28.1819728180442,32.6323960669312,37.8694491102613,39.6471696781049,39.5826688631766,39.3052250246689,39.3185581089583,38.019782029871,38.086544806567,38.8856180530513,39.0295733893664,39.1744855538973
"Labor force, female (% of total labor force)",SL.TLF.TOTL.FE.ZS,Cote d'Ivoire,CIV,33.0652035907758,34.9635721055288,39.0115591721401,39.4239422576401,39.8425747447935,40.267684335021,40.7002474176015,41.1491066979058,41.3820417428402,41.6180029668994,41.7695552068636,41.9122878725949
"Labor force, female (% of total labor force)",SL.TLF.TOTL.FE.ZS,Croatia,HRV,42.699764459872,44.3537265994802,45.0810994079471,45.4141294128809,45.9342722799916,46.4485329847665,46.4923792060854,46.2981436573592,46.1683196366687,46.4604703771598,46.5073864262471,46.5671651961778
"Labor force, female (% of total labor force)",SL.TLF.TOTL.FE.ZS,Cuba,CUB,36.6266740619242,35.368218316703,38.8117680337463,38.8049409330912,38.7920937616369,38.7360591008313,38.8531104961771,38.8283060191473,38.6481450482021,38.5721312459231,38.4913758356287,38.435672451402
"Labor force, female (% of total labor force)",SL.TLF.TOTL.FE.ZS,Curacao,CUW,..,..,..,..,..,..,..,..,..,..,..,..
"Labor force, female (% of total labor force)",SL.TLF.TOTL.FE.ZS,Cyprus,CYP,38.2854467786295,40.7307989505463,45.333624780774,45.0598380553056,45.1759320389658,45.9599334429386,46.4257937256537,46.1850326329195,46.1961795697148,46.0190215002725,46.1350899710263,46.2625400887878
"Labor force, female (% of total labor force)",SL.TLF.TOTL.FE.ZS,Czech Republic,CZE,44.488002327997,44.5513629063745,43.5182906040402,43.7417623058295,44.0284532281325,43.9523176509432,44.2084068238136,44.3648582768449,44.526107731573,44.6992197936626,44.7439048688513,44.7920058803897
"Labor force, female (% of total labor force)",SL.TLF.TOTL.FE.ZS,Denmark,DNK,46.3053849213287,46.5124149596308,47.2757635054145,47.4108559184925,47.5984429054985,47.283935880708,47.0689454016499,47.3798238018583,47.3739265069084,47.3573980779871,47.3717148293986,47.3738282724541
"Labor force, female (% of total labor force)",SL.TLF.TOTL.FE.ZS,Djibouti,DJI,36.0009361150251,37.4550964145484,38.8480917439005,38.9628815201668,39.1256964261449,39.3160050350886,39.5135170347209,39.5238691957333,39.6345087535831,39.7913920963078,39.7987543772609,39.7927632355371
"Labor force, female (% of total labor force)",SL.TLF.TOTL.FE.ZS,Dominica,DMA,..,..,..,..,..,..,..,..,..,..,..,..
"Labor force, female (% of total labor force)",SL.TLF.TOTL.FE.ZS,Dominican Republic,DOM,30.269285115052,34.1296096452556,37.63592169971,38.0033425316997,38.1995237749229,38.5011909021351,39.1659350457908,39.5676087805798,39.7608648117783,40.2008639014581,40.321316732129,40.4417201156689
"Labor force, female (% of total labor force)",SL.TLF.TOTL.FE.ZS,Ecuador,ECU,36.772861431415,38.3133018706289,38.4018660587563,38.9969133051593,38.7042604716723,38.0937507798009,39.5014854229224,41.0256996857213,41.2318100302863,40.8258751763574,40.8917075661834,40.9660715398063
"Labor force, female (% of total labor force)",SL.TLF.TOTL.FE.ZS,"Egypt, Arab Rep.",EGY,23.0465091665935,21.6723241956706,22.4776351321992,22.7521769793616,23.40467212743,23.7166414518806,23.4009354565449,23.8437708053343,23.4945497824517,23.5019854675848,23.611024025142,23.7238796568525
"Labor force, female (% of total labor force)",SL.TLF.TOTL.FE.ZS,El Salvador,SLV,34.5040408789918,39.4846752304016,41.612027201261,42.0008201048943,42.6515120754069,42.2572288729608,41.8896725062835,42.2018012512699,41.8715100088936,41.8636467665716,41.9580615117902,42.0467656688676
"Labor force, female (% of total labor force)",SL.TLF.TOTL.FE.ZS,Equatorial Guinea,GNQ,42.9390671001409,40.5902289746205,37.5828225111919,37.4318434517555,37.269283254115,37.0972987560577,36.9392803910851,36.8717938930488,36.8346906519832,36.7858913130709,36.6980097370542,36.6109892337656
"Labor force, female (% of total labor force)",SL.TLF.TOTL.FE.ZS,Eritrea,ERI,45.1300052654013,45.466339842468,46.6999227656463,..,..,..,..,..,..,..,..,..
"Labor force, female (% of total labor force)",SL.TLF.TOTL.FE.ZS,Estonia,EST,47.1682624063047,48.5541712853986,49.2765002151888,49.0215497156746,48.9675290910319,48.3698691338811,48.7151199478849,48.3898249015485,48.2666935726832,48.2768880274746,48.1205793578906,47.9760220631314
"Labor force, female (% of total labor force)",SL.TLF.TOTL.FE.ZS,Eswatini,SWZ,44.9159648711521,46.4147919919121,49.119429307199,49.1199469647888,49.0484465100779,48.8369636343896,48.5336381922637,48.5223342388456,48.3727642332829,48.1529650237392,47.8738846432993,47.5862123086823
"Labor force, female (% of total labor force)",SL.TLF.TOTL.FE.ZS,Ethiopia,ETH,43.0816924892477,44.8443473933698,46.006755795021,45.9873821996256,45.9662348582594,46.065829424682,46.1724639464883,46.2705035825073,46.3786391575422,46.4875169759425,46.5174460995683,46.5458543074613
"Labor force, female (% of total labor force)",SL.TLF.TOTL.FE.ZS,Faroe Islands,FRO,..,..,..,..,..,..,..,..,..,..,..,..
"Labor force, female (% of total labor force)",SL.TLF.TOTL.FE.ZS,Fiji,FJI,32.9867165338816,31.7306292595778,35.366102173152,35.0601779173208,34.7916762592461,34.5492410832817,33.6919653948908,32.8336934257415,32.8739309665908,32.9088171528286,33.0745478606087,33.30975761614
"Labor force, female (% of total labor force)",SL.TLF.TOTL.FE.ZS,Finland,FIN,47.1273298733522,47.5764230386851,47.855975138769,48.068489501021,48.148653195078,48.2667296705505,48.2880988612057,48.0446008935652,47.96380675034,48.0131707852412,47.9987338865339,47.9690855039989
"Labor force, female (% of total labor force)",SL.TLF.TOTL.FE.ZS,France,FRA,43.3194313784508,45.6041193659745,47.3541526950726,47.3674644275588,47.55898255279,47.6944431529315,47.7207449578567,47.828067416034,47.7787046206738,47.9541356927397,48.0462365571581,48.1286157752473
"Labor force, female (% of total labor force)",SL.TLF.TOTL.FE.ZS,French Polynesia,PYF,38.0577016092134,39.7114866824075,42.4319038725818,42.8506641316577,43.0199306759099,43.14498731512,43.3250804441032,43.4705321642951,43.4721199774015,43.4802315935311,43.5406780239664,43.6365342615343
"Labor force, female (% of total labor force)",SL.TLF.TOTL.FE.ZS,Gabon,GAB,40.1077996195308,39.4933714483613,40.2250142775557,40.3062575974745,40.3686538830264,40.4017684525053,40.4274771746165,40.2609647327749,40.1135768645804,40.006889640486,40.1744504961741,40.3194247980334
"Labor force, female (% of total labor force)",SL.TLF.TOTL.FE.ZS,"Gambia, The",GMB,40.0844018303232,41.0245387168332,43.373871436302,43.5285822634559,43.6292795634458,43.7015257662105,43.8131682808858,43.8249268876442,43.8795003270721,43.9644841486001,44.0164737076494,44.0803596341652
"Labor force, female (% of total labor force)",SL.TLF.TOTL.FE.ZS,Georgia,GEO,47.3421733742221,46.4835022172419,45.4553487318819,45.1960478069269,44.7384336109182,45.0326029532028,45.4948008838976,44.8254853481676,44.8532985937591,44.8955112720431,44.8948822648901,44.8878505966993
"Labor force, female (% of total labor force)",SL.TLF.TOTL.FE.ZS,Germany,DEU,40.5992907535186,43.7290009251406,45.8445751326578,45.8706526858792,46.0875856290751,46.1700074810417,46.2718995296026,46.3673319262054,46.4062179299339,46.3188993184296,46.3226830029087,46.3242333003633
"Labor force, female (% of total labor force)",SL.TLF.TOTL.FE.ZS,Ghana,GHA,48.2645773895087,48.6719992204264,47.2052745057306,46.9889238899777,46.768143328341,46.542290013352,46.3113733360118,46.3666453481365,46.4611701623601,46.5541250638107,46.4961860882664,46.4397776356606
"Labor force, female (% of total labor force)",SL.TLF.TOTL.FE.ZS,Gibraltar,GIB,..,..,..,..,..,..,..,..,..,..,..,..
"Labor force, female (% of total labor force)",SL.TLF.TOTL.FE.ZS,Greece,GRC,35.7571872825977,38.7591349531912,42.6492779697209,43.1191550982105,43.1698462610916,43.5719624109664,44.0816498236257,44.2228164898553,44.0200829808955,43.7298021416443,43.7843052446069,43.8242084432718
"Labor force, female (% of total labor force)",SL.TLF.TOTL.FE.ZS,Greenland,GRL,..,..,..,..,..,..,..,..,..,..,..,..
"Labor force, female (% of total labor force)",SL.TLF.TOTL.FE.ZS,Grenada,GRD,..,..,..,..,..,..,..,..,..,..,..,..
"Labor force, female (% of total labor force)",SL.TLF.TOTL.FE.ZS,Guam,GUM,37.3648524830493,40.56486943553,40.6894855397043,40.6785783396762,40.6502184528399,40.6222438101568,40.6180875136661,40.6031165226169,40.5649773959088,40.5454837553603,40.5292002055146,40.1936870577439
"Labor force, female (% of total labor force)",SL.TLF.TOTL.FE.ZS,Guatemala,GTM,31.4775646640531,34.6024214490606,34.2450561905057,36.2996687373065,34.4866397822169,34.317984128582,33.0009570495324,33.9784980329893,33.0434513660116,33.1236191194697,33.083034650517,33.0456355354707
"Labor force, female (% of total labor force)",SL.TLF.TOTL.FE.ZS,Guinea,GIN,52.9782565223291,53.3065737939362,54.215539269241,54.2773311577627,54.3251481703885,54.3608988026899,54.3824816176001,54.4340038392136,54.4975660514152,54.5157959701289,54.3102812015647,54.0989102992283
"Labor force, female (% of total labor force)",SL.TLF.TOTL.FE.ZS,Guinea-Bissau,GNB,47.0305992172293,47.3641488734297,47.993132146487,47.954213420604,47.9283009535487,47.89774483656,47.8760756545443,47.8342603617858,47.7996146333529,47.7730007049827,47.7378909825774,47.7377927331809
"Labor force, female (% of total labor force)",SL.TLF.TOTL.FE.ZS,Guyana,GUY,31.8320907388431,31.1916104346309,36.0343296015043,36.5560880762736,37.0256051216975,37.48591897972,37.9644009863442,38.4772018706157,39.0077186716047,39.1036705369824,39.191862464545,39.3510004730591
"Labor force, female (% of total labor force)",SL.TLF.TOTL.FE.ZS,Haiti,HTI,44.2117584207344,46.9908584187567,47.0808568073126,47.1418221461691,47.305631838223,47.379699147557,47.3544942352081,47.3285185230238,47.2998364495238,47.3020361229267,47.3316732869725,47.3620889042962
"Labor force, female (% of total labor force)",SL.TLF.TOTL.FE.ZS,Honduras,HND,34.8560007084781,34.6942424531641,33.947798632388,33.4765332820884,34.8278799553344,36.1494909396709,36.7616736119437,36.8322830976336,36.0434568243281,38.154754179386,38.2109738513377,38.2597982773835
"Labor force, female (% of total labor force)",SL.TLF.TOTL.FE.ZS,"Hong Kong SAR, China",HKG,36.8942373740963,41.579890386927,47.3776338768546,47.6684238467488,48.0621305128158,48.3788491248646,48.6124174826301,48.7867724101766,49.0609858809045,49.2554509465256,49.4040206413967,49.5413680136778
"Labor force, female (% of total labor force)",SL.TLF.TOTL.FE.ZS,Hungary,HUN,45.4926615915091,44.6037192920217,46.0306575278676,46.2055564633099,45.8681520006741,45.857329845823,45.796476181194,45.6736217372097,45.5279615488798,45.4559998072646,45.5304155441997,45.6024801697612
"Labor force, female (% of total labor force)",SL.TLF.TOTL.FE.ZS,Iceland,ISL,45.667656621673,47.2845772496558,47.086123026813,47.5264634848829,47.5334233940467,47.2939376553834,47.5018962341283,47.1014736316449,47.2227102852557,47.2289677264806,47.2420124862284,47.3920189936992
"Labor force, female (% of total labor force)",SL.TLF.TOTL.FE.ZS,India,IND,25.0147106669045,25.5665861948335,22.056013229587,21.1741736858506,20.9748440089297,20.7923614701659,20.6242556746103,20.4740687185221,20.3357272766904,20.210185093343,20.076266886342,19.9412368764798
"Labor force, female (% of total labor force)",SL.TLF.TOTL.FE.ZS,Indonesia,IDN,35.302624353596,38.1856300695486,38.0010541853171,38.1009179882535,37.8988785972772,37.9180581121751,38.0631889472981,38.3470942183133,38.8001484716287,39.2185819814694,39.2837595419529,39.3430473061825
"Labor force, female (% of total labor force)",SL.TLF.TOTL.FE.ZS,"Iran, Islamic Rep.",IRN,10.4229778774971,15.4328414093594,17.6528537103991,17.0919614934436,16.5492461184094,16.0423123005354,17.2708856035508,18.8114068215731,19.7971664929991,19.5911894788362,19.5345449228336,19.4728219112996
"Labor force, female (% of total labor force)",SL.TLF.TOTL.FE.ZS,Iraq,IRQ,9.5724686980098,11.4626117613574,14.183880434242,14.0945630455886,14.7892734622305,15.52795598641,16.0131210270939,16.5504126402321,13.2110231403343,13.2876337428505,13.4796844512835,13.6724627833943
"Labor force, female (% of total labor force)",SL.TLF.TOTL.FE.ZS,Ireland,IRL,34.7019540982141,40.6527751614063,45.0790189864849,45.1960696978335,45.4277016379668,45.3072371174669,45.1866198200945,45.5078004695918,45.6757579997816,45.8005597018054,45.8308092012523,45.8789979411996
"Labor force, female (% of total labor force)",SL.TLF.TOTL.FE.ZS,Isle of Man,IMN,..,..,..,..,..,..,..,..,..,..,..,..
"Labor force, female (% of total labor force)",SL.TLF.TOTL.FE.ZS,Israel,ISR,39.7669719321297,44.8068597900188,46.3416816121035,46.7408949508532,46.7016284326746,47.0624563770484,46.9998986308458,47.1855625929797,47.0902504974743,47.448731629108,47.4233897845393,47.3886711238543
"Labor force, female (% of total labor force)",SL.TLF.TOTL.FE.ZS,Italy,ITA,36.3136385930046,38.566680353112,41.4543075264969,42.0328569792591,42.2316094476688,42.445223687673,42.1228377925757,42.3291197342004,42.5267809483113,42.5627165799655,42.5828778768069,42.5990461513251
"Labor force, female (% of total labor force)",SL.TLF.TOTL.FE.ZS,Jamaica,JAM,46.2445854578585,44.0919182432724,44.8022850354155,44.9887285621487,45.2940684469788,45.1473840179923,45.2226197241953,45.7691163344243,46.0433388739747,45.8909190617782,45.9534660009996,45.9957042037435
"Labor force, female (% of total labor force)",SL.TLF.TOTL.FE.ZS,Japan,JPN,40.4372911115165,40.3536000188965,41.7652321700699,41.9368300823188,42.348606160442,42.5907279413806,42.8051657288273,43.1109479217007,43.5027214502449,43.9358633039378,44.0239499536595,44.1074810078469
"Labor force, female (% of total labor force)",SL.TLF.TOTL.FE.ZS,Jordan,JOR,12.1645510047514,14.4693123797493,18.1204280288558,18.0806884907946,17.3909338746303,17.4711128574421,17.5819080980837,17.7029919643255,17.8560628245014,18.0372747085079,18.1217805732759,18.1974273224361
"Labor force, female (% of total labor force)",SL.TLF.TOTL.FE.ZS,Kazakhstan,KAZ,48.2627696013852,49.0118633409858,48.8642301725738,48.8383729856599,48.80517857929,48.6873503875853,48.5654142893106,48.3281479156517,48.0771789532139,48.06632562781,48.0262392676846,47.9792719244141
"Labor force, female (% of total labor force)",SL.TLF.TOTL.FE.ZS,Kenya,KEN,48.1925604711946,49.1547067220756,47.9686386883918,48.104734051039,48.2327019809636,48.3583433305799,48.4802488303115,48.6018622465704,48.8127372045793,49.0371709348647,49.0364233917776,49.0308255298313
"Labor force, female (% of total labor force)",SL.TLF.TOTL.FE.ZS,Kiribati,KIR,..,..,..,..,..,..,..,..,..,..,..,..
"Labor force, female (% of total labor force)",SL.TLF.TOTL.FE.ZS,"Korea, Dem. People’s Rep.",PRK,49.0118265121761,47.9520791122607,47.5045104727949,47.4568579252274,47.4065050099834,47.3555535492565,47.3178868504603,47.2900904117839,47.2551737344887,47.2268720696355,47.1950624893168,47.1569526830206
"Labor force, female (% of total labor force)",SL.TLF.TOTL.FE.ZS,"Korea, Rep.",KOR,39.5699120022904,40.3608997415288,40.9976302668006,41.0551511663779,41.1422778472011,41.3744085735501,41.5887859464953,41.7181721587162,41.9236639222756,42.1265721564515,42.1097214293905,42.0841799383419
"Labor force, female (% of total labor force)",SL.TLF.TOTL.FE.ZS,Kosovo,XKX,..,..,..,..,..,..,..,..,..,..,..,..
"Labor force, female (% of total labor force)",SL.TLF.TOTL.FE.ZS,Kuwait,KWT,24.0556123510833,24.8389303865974,26.9939142654796,27.0733605004464,27.2006326761507,27.2120329405686,27.0884673768855,26.6069305541213,26.1390945835801,25.5381623993129,25.0567527879485,24.6832415614056
"Labor force, female (% of total labor force)",SL.TLF.TOTL.FE.ZS,Kyrgyz Republic,KGZ,41.9635892611485,44.1258741941023,41.8125711108397,41.3712029984224,40.36752264458,41.3984321851071,41.0046402217501,40.2933862715191,39.2236286719758,38.5469754907771,38.4274430293146,38.3166469206674
"Labor force, female (% of total labor force)",SL.TLF.TOTL.FE.ZS,Lao PDR,LAO,49.8659652423267,50.2804250863229,50.0035485380337,49.7523942260805,49.5017154303429,49.2785851411047,49.0980702992121,49.0445971711525,49.0225236126719,49.022020775712,49.0397349254609,49.0549795900091
"Labor force, female (% of total labor force)",SL.TLF.TOTL.FE.ZS,Latvia,LVA,47.4433977366866,48.1155147361005,49.7950728683428,49.9185522274237,49.9442000919057,49.562660771864,49.5769510726958,50.0902733225945,49.8886108033572,49.9450124271915,49.9588038677574,49.9394387751402
"Labor force, female (% of total labor force)",SL.TLF.TOTL.FE.ZS,Lebanon,LBN,22.1399109881992,23.7164915378233,24.1013708292019,24.1870010926739,24.2017110613651,24.1889994460206,24.1816065924388,24.2738196674465,24.3554947601563,24.4501681922451,24.456701171888,24.4511578803637
"Labor force, female (% of total labor force)",SL.TLF.TOTL.FE.ZS,Lesotho,LSO,52.6462482775899,49.1126415985597,46.0365381290376,45.7033878539872,45.3503610902166,45.302818232576,45.2872589469328,45.2905085724452,45.2960987370814,45.3462502025402,45.2353509300418,45.0893690214437
"Labor force, female (% of total labor force)",SL.TLF.TOTL.FE.ZS,Liberia,LBR,46.8572233466377,47.3223907851417,46.8782125849249,46.9101569267012,46.9629062997506,47.0115894697004,47.0688958340404,47.3298667983781,47.3970231618366,47.4682763942386,47.4510225519115,47.4139567740834
"Labor force, female (% of total labor force)",SL.TLF.TOTL.FE.ZS,Libya,LBY,26.071197119712,30.8349781496919,34.0345075782836,34.0839762531649,34.1189092446017,34.1329329529601,34.1220555608632,34.122362000175,34.1088153462608,34.086126114319,34.0404275179264,33.9945367186166
"Labor force, female (% of total labor force)",SL.TLF.TOTL.FE.ZS,Liechtenstein,LIE,..,..,..,..,..,..,..,..,..,..,..,..
"Labor force, female (% of total labor force)",SL.TLF.TOTL.FE.ZS,Lithuania,LTU,46.8974844559339,49.4750619505953,50.4002974727523,50.6299053457742,50.1574899362573,50.1940053134568,50.4649022756441,50.4956993519516,50.4031483970052,50.2360692650922,50.1457497879629,50.0823376037797
"Labor force, female (% of total labor force)",SL.TLF.TOTL.FE.ZS,Luxembourg,LUX,34.6872578185545,39.7287345360142,43.9426493847955,44.3049334383585,44.1022912946004,44.1845342257066,45.1377541998232,44.9782614061503,45.7247159061886,45.9171976836757,45.9048387096774,45.9993019640194
"Labor force, female (% of total labor force)",SL.TLF.TOTL.FE.ZS,"Macao SAR, China",MAC,39.5274411003677,45.5167585461863,48.7680270917265,48.4956506078858,48.9429010626685,48.7372770277195,48.8773096841496,49.0788271890926,48.682642103581,48.4969529502337,48.4246349481147,48.2168495538919
"Labor force, female (% of total labor force)",SL.TLF.TOTL.FE.ZS,Madagascar,MDG,48.8147010656,48.9791325119333,49.4481718476613,49.4933199176737,49.278514389667,49.0367575620834,48.7614243725941,48.8117790731249,48.8565974500836,48.8984131941632,48.8957011455218,48.8936016859829
"Labor force, female (% of total labor force)",SL.TLF.TOTL.FE.ZS,Malawi,MWI,50.0428742248259,49.8395338665974,48.6247604484223,48.4621702087158,48.3001477976,48.3931242773782,48.4852881226376,48.602364003016,48.7143014847568,48.8263878168257,48.7513042703327,48.6780158087144
"Labor force, female (% of total labor force)",SL.TLF.TOTL.FE.ZS,Malaysia,MYS,35.9928123235763,35.6503835255807,35.4805506614852,35.9786063439972,37.2161244843836,37.8122569176298,37.9967637615756,38.2241511665339,38.2745006191089,38.3030602405377,38.3776622996787,38.4504300199763
"Labor force, female (% of total labor force)",SL.TLF.TOTL.FE.ZS,Maldives,MDV,19.8184359952365,34.4198723630562,30.5802136998835,29.4599438196591,28.3174644520003,27.1914933951452,25.2000835131185,23.3932768558883,22.2002991085972,20.8807334271635,20.2331051028385,19.935308916261
"Labor force, female (% of total labor force)",SL.TLF.TOTL.FE.ZS,Mali,MLI,44.5257605170766,44.2041875065793,43.0902178905288,43.0211373425824,42.9857873866435,42.9750717204761,43.751456354029,43.7610091260355,43.7811294671113,43.816548901563,43.7710374826578,43.7214814050669
"Labor force, female (% of total labor force)",SL.TLF.TOTL.FE.ZS,Malta,MLT,28.7141384076466,30.4697616574996,35.1192786717979,37.1967351835388,38.010340158385,38.6091636220006,38.8453208215876,39.5373871888268,40.0698703238995,40.8007504913426,40.8315600069016,40.8635369425256
"Labor force, female (% of total labor force)",SL.TLF.TOTL.FE.ZS,Marshall Islands,MHL,..,..,..,..,..,..,..,..,..,..,..,..
"Labor force, female (% of total labor force)",SL.TLF.TOTL.FE.ZS,Mauritania,MRT,29.5824383343525,30.1403704884487,30.9178689141861,31.0838268815635,31.158987081472,31.2453609335026,31.3254853719653,31.3575103061908,31.4344720984352,31.541679199569,31.5632538059313,31.5811755676685
"Labor force, female (% of total labor force)",SL.TLF.TOTL.FE.ZS,Mauritius,MUS,32.3498578201153,34.1838275897233,37.2346078277341,37.4166281795446,38.3694276174374,38.4241008419721,39.1355908341822,38.8093799970382,38.9376631021934,39.3103606881609,39.4501256785413,39.5885816404231
"Labor force, female (% of total labor force)",SL.TLF.TOTL.FE.ZS,Mexico,MEX,29.6378280733405,33.5640036612807,37.0789805765926,37.5647653717911,37.7050189288961,37.2452228081059,37.4794016578721,37.5700736241608,37.4098541521519,37.7042188796013,37.7657821655068,37.8274974590248
"Labor force, female (% of total labor force)",SL.TLF.TOTL.FE.ZS,"Micronesia, Fed. Sts.",FSM,..,..,..,..,..,..,..,..,..,..,..,..
"Labor force, female (% of total labor force)",SL.TLF.TOTL.FE.ZS,Moldova,MDA,50.6887720138994,52.1037745272422,48.6144984845615,48.9957413052501,48.7909776639182,48.7129707854488,49.2140415334098,49.180954531365,48.8673053484936,49.7063435062767,49.5611147912726,49.4456662660025
"Labor force, female (% of total labor force)",SL.TLF.TOTL.FE.ZS,Monaco,MCO,..,..,..,..,..,..,..,..,..,..,..,..
"Labor force, female (% of total labor force)",SL.TLF.TOTL.FE.ZS,Mongolia,MNG,45.7993638053293,45.5369473024067,45.5924668005388,46.04720144972,45.6970488785771,45.6522475766141,45.4690957460033,45.4149742004808,45.5660576602277,45.760301845377,45.8081029153287,45.8632872469514
"Labor force, female (% of total labor force)",SL.TLF.TOTL.FE.ZS,Montenegro,MNE,43.5200691004601,43.7012451002001,43.9023687395539,44.578775973948,44.4003557228711,44.6636764470708,45.149544669405,44.4792531503109,44.1490674989958,43.6198631126,43.6724932728309,43.5861890170351
"Labor force, female (% of total labor force)",SL.TLF.TOTL.FE.ZS,Morocco,MAR,23.0659944374117,24.9264766296348,26.3651524614362,25.8927444043914,25.8461135445133,25.3913370404591,24.9624150366592,24.53831452163,24.1429418012739,24.2400151632402,24.1782877027225,24.1129707952967
"Labor force, female (% of total labor force)",SL.TLF.TOTL.FE.ZS,Mozambique,MOZ,55.5028909221552,55.2470400511372,53.221752301438,52.993096018013,52.753457432941,52.5008898698481,52.2326249678163,52.2302942026696,52.237052570693,52.2496505754427,52.1340308894614,52.0176771379039
"Labor force, female (% of total labor force)",SL.TLF.TOTL.FE.ZS,Myanmar,MMR,43.8456796618037,43.3472550346931,41.9491440583393,41.8679200877655,41.7797002696623,41.6944367430008,41.615500293751,41.0967150225391,40.589316636159,40.5270215084123,40.482567689356,40.4343381049422
"Labor force, female (% of total labor force)",SL.TLF.TOTL.FE.ZS,Namibia,NAM,46.131619453971,46.226342419945,48.2932015585006,48.5076447119202,49.8971275885104,49.4297112227622,48.7895855700853,48.1760759490849,48.6692006801593,49.3052096658468,49.4016046855623,49.4822525934122
"Labor force, female (% of total labor force)",SL.TLF.TOTL.FE.ZS,Nauru,NRU,..,..,..,..,..,..,..,..,..,..,..,..
"Labor force, female (% of total labor force)",SL.TLF.TOTL.FE.ZS,Nepal,NPL,48.4767475808785,48.5509751542018,50.5077596693353,51.7544291411421,53.1148982422578,54.3957105482485,55.4556723739017,55.8717419837277,56.0311165987448,55.9822749943198,55.7311125422876,55.4286116739108
"Labor force, female (% of total labor force)",SL.TLF.TOTL.FE.ZS,Netherlands,NLD,38.7785847596175,43.0597270841826,45.911573304526,45.9876116148643,45.9738612416022,45.7365928317933,45.9862158244301,46.0700668600184,46.1816041388322,46.1976404053732,46.2358531645346,46.2690545918346
"Labor force, female (% of total labor force)",SL.TLF.TOTL.FE.ZS,New Caledonia,NCL,44.7721502071362,45.6689301704109,46.0575396985248,45.9917417595917,45.9155368552283,45.8315129496348,45.8027309988753,45.7844040788418,45.7386800114133,45.7258796903605,45.7142248238236,45.7274647887324
"Labor force, female (% of total labor force)",SL.TLF.TOTL.FE.ZS,New Zealand,NZL,43.1389407139002,45.1996644695436,46.8094454436948,47.0259049109101,47.1709685492338,47.2546236443951,47.2472955610475,47.3644319652573,47.3891469958733,47.5880668604972,47.6010543989109,47.6082911997519
"Labor force, female (% of total labor force)",SL.TLF.TOTL.FE.ZS,Nicaragua,NIC,31.5451234139954,32.2148251576443,37.9371796861357,38.0601582585799,38.1843971317003,38.3106031048854,38.5360279420684,38.7384099339173,38.9421669293155,38.4743246738578,38.5808657388746,38.6801459504171
"Labor force, female (% of total labor force)",SL.TLF.TOTL.FE.ZS,Niger,NER,46.3663875610878,45.0783604782351,43.8135538662775,43.3540232364274,42.9449309906258,42.6102369270193,42.5697198390254,42.5231434808525,42.4890744929444,42.466945927343,42.3641659794821,42.2651668834013
"Labor force, female (% of total labor force)",SL.TLF.TOTL.FE.ZS,Nigeria,NGA,45.3347282847136,46.0251369140334,45.8530444102196,45.5787067983548,45.3441252295363,45.1799626038526,45.0398140517131,44.9479061177506,44.9813493791244,45.0624703240684,44.9414454452237,44.8219088487028
"Labor force, female (% of total labor force)",SL.TLF.TOTL.FE.ZS,North Macedonia,MKD,38.9305462646447,38.6500926313273,39.4072194306978,39.2546245056782,40.035960162394,39.5256105176459,39.4306487229699,38.7366010703388,38.9434951042463,39.1902394505888,39.2431891714469,39.2747946725397
"Labor force, female (% of total labor force)",SL.TLF.TOTL.FE.ZS,Northern Mariana Islands,MNP,..,..,..,..,..,..,..,..,..,..,..,..
"Labor force, female (% of total labor force)",SL.TLF.TOTL.FE.ZS,Norway,NOR,44.9281183282188,46.56946038367,47.4605374244707,47.2661090980433,47.3585782032334,47.3176731743077,47.1087668179781,47.0735325602109,47.1293642790909,46.9863833671791,46.9934645393506,46.9949174906567
"Labor force, female (% of total labor force)",SL.TLF.TOTL.FE.ZS,Oman,OMN,15.3035454537342,17.3298206979329,15.1868107530997,14.5004239622916,13.9354143426661,13.5198482740994,13.2464995115598,13.1673624074443,13.0070651467876,12.8341260226025,12.7416218197857,12.670340105186
"Labor force, female (% of total labor force)",SL.TLF.TOTL.FE.ZS,Pakistan,PAK,13.1734803360187,15.202249722774,20.8714606308768,20.9748386682612,21.0913290210338,21.4700395664596,21.9515446087447,21.3336573619751,20.7266988632575,20.1353051869394,20.3293121424191,20.5254127225095
"Labor force, female (% of total labor force)",SL.TLF.TOTL.FE.ZS,Palau,PLW,..,..,..,..,..,..,..,..,..,..,..,..
"Labor force, female (% of total labor force)",SL.TLF.TOTL.FE.ZS,Panama,PAN,32.4034198416724,35.5571709049031,36.5228237956806,37.4498531496391,38.1298722510254,38.424840479147,39.2275373791766,39.3531252616595,39.4532391332852,40.2992015970031,40.3525244416882,40.4166384291773
"Labor force, female (% of total labor force)",SL.TLF.TOTL.FE.ZS,Papua New Guinea,PNG,48.5231510290745,48.624565604557,48.4377892755088,48.4340590945819,48.421272965773,48.4916287841441,48.5434671011655,48.5424036974391,48.5124317295087,48.4689147818315,48.3800642757081,48.2821073969822
"Labor force, female (% of total labor force)",SL.TLF.TOTL.FE.ZS,Paraguay,PRY,37.5506709840279,37.3003081101482,39.3841202476878,40.99472341953,40.5274355983579,39.5873310565073,39.5278820424149,39.3686094345207,39.4738526268324,40.3658704940887,40.4850462020256,40.5884082621357
"Labor force, female (% of total labor force)",SL.TLF.TOTL.FE.ZS,Peru,PER,37.8637221076238,41.3604803325379,46.0543946496407,46.0452035676221,46.0890262418465,45.9764194502123,45.6348939780067,45.8478484775146,45.7636473038222,45.8049297440909,45.7440349932433,45.717661262041
"Labor force, female (% of total labor force)",SL.TLF.TOTL.FE.ZS,Philippines,PHL,37.9035601547816,38.291429271631,39.1985389181497,39.1766829799964,39.3194423275266,39.5509664952394,39.734818057757,39.2221252993465,38.2186143204691,38.7613316544405,38.826972162911,38.8962497246429
"Labor force, female (% of total labor force)",SL.TLF.TOTL.FE.ZS,Poland,POL,45.4919347035578,45.9123280043332,44.9657125580266,45.0063951614562,44.8878944458989,44.8836745025488,44.8031430372866,44.6466144604584,44.5380778381496,44.6381722858205,44.63283862542,44.6380362761321
"Labor force, female (% of total labor force)",SL.TLF.TOTL.FE.ZS,Portugal,PRT,42.4512008958719,45.3678263751901,47.7808808714621,48.2118619987197,48.5163779257893,48.6703909420615,48.8504314859773,48.7761288679853,48.8872186181208,49.1227697153038,49.1277358045084,49.1264277013974
"Labor force, female (% of total labor force)",SL.TLF.TOTL.FE.ZS,Puerto Rico,PRI,35.949384058381,39.5939887277533,42.1531112367298,42.1725206586924,42.2011913567977,42.2366151069322,42.2793049844245,42.4711558299345,42.6498909760689,42.8460022830104,42.9495451242635,43.0263630746574
"Labor force, female (% of total labor force)",SL.TLF.TOTL.FE.ZS,Qatar,QAT,15.2670103427502,16.272124871153,11.9610721434732,12.3255376072293,12.7445634715092,13.1486167504771,13.5031138493817,13.5137939687587,13.5276931738653,13.5611206857693,13.6508097890143,13.7617407342926
"Labor force, female (% of total labor force)",SL.TLF.TOTL.FE.ZS,Romania,ROU,46.4261922296941,46.4798402027129,44.2833030634911,43.9959722252177,43.8084593595677,43.6694530945397,42.9971909200143,42.8783410632423,43.2795518896148,43.0828474628383,43.0003143455768,42.9073716090794
"Labor force, female (% of total labor force)",SL.TLF.TOTL.FE.ZS,Russian Federation,RUS,48.146664371062,48.3437618356053,48.8057606579532,48.7837926862924,48.6286704178747,48.570445071593,48.4389168908031,48.4639245682544,48.4558713161955,48.58102832555,48.5727035435916,48.569697057716
"Labor force, female (% of total labor force)",SL.TLF.TOTL.FE.ZS,Rwanda,RWA,49.2079858842838,51.1095792831997,51.3847457314071,51.4076453217881,51.4274548490473,51.4505497694632,51.4933071239131,51.5513817080335,51.598259486006,51.6538073266271,51.6770060599831,51.6953449400946
"Labor force, female (% of total labor force)",SL.TLF.TOTL.FE.ZS,Samoa,WSM,35.6261673622801,34.6202719301961,34.7573881006506,34.7062011302934,34.5878889823381,34.5143683079439,34.4445921060126,34.4904857761404,34.4777278841964,34.4410306674458,34.4168224299065,34.5069904341428
"Labor force, female (% of total labor force)",SL.TLF.TOTL.FE.ZS,San Marino,SMR,..,..,..,..,..,..,..,..,..,..,..,..
"Labor force, female (% of total labor force)",SL.TLF.TOTL.FE.ZS,Sao Tome and Principe,STP,33.5963050088932,35.934888619245,35.5915657946115,35.5871772832904,35.5889058937439,35.6238781239932,35.6852409638554,35.7984583124132,35.9308926606036,36.0892220755065,36.0700426987858,35.8194722574141
"Labor force, female (% of total labor force)",SL.TLF.TOTL.FE.ZS,Saudi Arabia,SAU,10.9575778561862,13.9687839230818,15.4881892544278,15.6897264776202,15.3862290407309,15.5274474937146,16.254024957352,16.7840619335541,16.3198338786556,15.8995245866337,15.8241497333399,15.7832084687735
"Labor force, female (% of total labor force)",SL.TLF.TOTL.FE.ZS,Senegal,SEN,31.1900182996597,33.7749971573249,37.8620280826793,38.4318214336815,39.0110518935929,39.6018604942593,40.1998770134791,40.2405098805341,40.3101713787677,40.4012950982095,40.3973234480287,40.3966181212533
"Labor force, female (% of total labor force)",SL.TLF.TOTL.FE.ZS,Serbia,SRB,42.7865827034942,42.989910913771,43.2945614380371,43.3239512828745,43.5382043945796,43.763598585603,43.7374261878882,44.2291369468272,44.51218697726,44.4611528358202,44.4995091399386,44.5285419820324
"Labor force, female (% of total labor force)",SL.TLF.TOTL.FE.ZS,Seychelles,SYC,..,..,..,..,..,..,..,..,..,..,..,..
"Labor force, female (% of total labor force)",SL.TLF.TOTL.FE.ZS,Sierra Leone,SLE,50.146905457776,49.7827594908624,49.5399299487861,49.5211349755495,49.5076850327416,49.4964583454291,49.3344340492525,49.4923499354697,49.6291936664136,49.7690959186226,49.7292231290178,49.6924590121032
"Labor force, female (% of total labor force)",SL.TLF.TOTL.FE.ZS,Singapore,SGP,37.6665431843409,38.5572466175419,40.5219935806615,40.7360419939781,40.9284812393277,41.3065630766889,41.6496303972046,41.7677642485239,41.5805449395711,41.7536087487524,41.7545466272949,41.7612231702524
"Labor force, female (% of total labor force)",SL.TLF.TOTL.FE.ZS,Sint Maarten (Dutch part),SXM,..,..,..,..,..,..,..,..,..,..,..,..
"Labor force, female (% of total labor force)",SL.TLF.TOTL.FE.ZS,Slovak Republic,SVK,46.8954564170651,45.5893633935324,44.4375408106512,44.5747476062758,44.7966765234593,44.7564632302552,45.2569878992596,45.444973895299,45.6158898197696,45.3682012925713,45.3780311757243,45.3797797592445
"Labor force, female (% of total labor force)",SL.TLF.TOTL.FE.ZS,Slovenia,SVN,46.3633114847413,46.00983458875,45.6744976251013,45.8820026297635,45.6250499761595,45.8921062305988,45.8656642595707,46.4308072314379,46.4342212151011,46.1995371882984,46.2288673406949,46.2625296465834
"Labor force, female (% of total labor force)",SL.TLF.TOTL.FE.ZS,Solomon Islands,SLB,47.9455828441864,47.977398994295,48.8419174796808,48.8181343135665,48.7817023903041,48.7394184134953,48.7060688571021,48.6789832369755,48.6542202333628,48.6324250806119,48.6098841446184,48.4747205898964
"Labor force, female (% of total labor force)",SL.TLF.TOTL.FE.ZS,Somalia,SOM,24.1552179627569,22.14712335604,21.832734419902,22.0099857515763,22.2558947239604,22.5048485169313,22.717289315462,22.8964308079057,23.054835507642,23.1970176820362,23.2004465936154,23.198745286758
"Labor force, female (% of total labor force)",SL.TLF.TOTL.FE.ZS,South Africa,ZAF,37.2322738441259,41.6223350405434,44.2581019446456,44.1733463337025,44.6416773838489,44.6914799305951,44.8397301678551,44.8158993128494,45.1603082399506,45.2821310316812,45.3778087817689,45.4705305588107
"Labor force, female (% of total labor force)",SL.TLF.TOTL.FE.ZS,South Sudan,SSD,48.5658542344226,48.2429856802969,48.6796289361075,48.7413375925242,48.827573416972,48.9323649554315,49.0584978451901,49.1410427151714,49.2279339611912,49.3253093022083,49.3627337412362,49.3982247234926
"Labor force, female (% of total labor force)",SL.TLF.TOTL.FE.ZS,Spain,ESP,34.8231847988837,39.4403705766678,45.0112200536063,45.5319249447049,45.8605085837724,46.0342893704815,46.1648534671754,46.3454450710976,46.2804776956574,46.2071662837567,46.2594339461465,46.3089734251956
"Labor force, female (% of total labor force)",SL.TLF.TOTL.FE.ZS,Sri Lanka,LKA,36.199974734182,33.0945734964702,32.9733980690509,32.0582781418043,33.7365244495622,33.4964650954104,34.2645936228256,34.278942687156,34.4374344521486,34.657884374811,34.7071731298352,34.7589377418487
"Labor force, female (% of total labor force)",SL.TLF.TOTL.FE.ZS,St. Kitts and Nevis,KNA,..,..,..,..,..,..,..,..,..,..,..,..
"Labor force, female (% of total labor force)",SL.TLF.TOTL.FE.ZS,St. Lucia,LCA,39.2384498840881,42.6820262885837,44.6403738109807,44.7007930785869,44.6606534289431,44.7306568415703,44.7859483604333,45.0095811097604,45.1982459531779,45.198320393922,45.3031239409103,45.1633580860527
"Labor force, female (% of total labor force)",SL.TLF.TOTL.FE.ZS,St. Martin (French part),MAF,..,..,..,..,..,..,..,..,..,..,..,..
"Labor force, female (% of total labor force)",SL.TLF.TOTL.FE.ZS,St. Vincent and the Grenadines,VCT,36.1373638265637,37.8255072705304,39.3438616281256,39.4486851682499,39.5938616463968,39.711071901191,39.8388540734109,40.0467620031537,40.2090179389107,40.4654801486407,40.6027242571812,40.4912366454857
"Labor force, female (% of total labor force)",SL.TLF.TOTL.FE.ZS,Sudan,SDN,23.6014943778279,27.8349464155166,28.9682955538218,29.1297571715821,29.3093131463378,29.5044588230312,29.714368512081,29.9126715076644,30.1260044543948,30.3504594132941,30.3649385545947,30.3786767936565
"Labor force, female (% of total labor force)",SL.TLF.TOTL.FE.ZS,Suriname,SUR,34.4687480906703,33.8585749255873,38.3504681241868,38.5130219700276,38.6811873954019,38.6311102459914,38.284093367629,37.7594487963863,37.8479284369115,37.9642167469347,38.1199374079529,38.2132241652838
"Labor force, female (% of total labor force)",SL.TLF.TOTL.FE.ZS,Sweden,SWE,47.7031236691665,47.6865752647797,47.3276170467959,47.4402403690531,47.4680384342804,47.5162412027628,47.6994481359645,47.6531430995069,47.6439851409351,47.7090052579904,47.7316028997048,47.7503228671328
"Labor force, female (% of total labor force)",SL.TLF.TOTL.FE.ZS,Switzerland,CHE,43.1685821955878,44.3089212302686,45.8858551632266,46.0353376383306,46.1988584182632,46.4366932425574,46.5002058653553,46.587345572341,46.4767184076038,46.6793985506968,46.7288153910496,46.779368773522
"Labor force, female (% of total labor force)",SL.TLF.TOTL.FE.ZS,Syrian Arab Republic,SYR,22.0030607846597,19.8788468041065,15.3445153180849,15.4865866450285,15.6775073779122,15.8915889457745,16.0896285624828,16.2258722077485,16.3978813541987,16.5347578279265,16.4659879997303,16.3903489467304
"Labor force, female (% of total labor force)",SL.TLF.TOTL.FE.ZS,Tajikistan,TJK,35.5327180467834,36.0104884147446,35.2389769756996,35.6952419402041,36.1862853184117,36.7173337919639,37.2888021389251,37.90745119559,37.6130779132662,37.3578959714174,37.3567322165377,37.356784662643
"Labor force, female (% of total labor force)",SL.TLF.TOTL.FE.ZS,Tanzania,TZA,49.1707393001821,49.3295179320451,48.9516312436687,48.7198417874168,48.4628239514514,48.1752532154174,48.1895092566553,48.2021044128271,48.2163411319932,48.2341871513482,48.1791322317548,48.1259363373083
"Labor force, female (% of total labor force)",SL.TLF.TOTL.FE.ZS,Thailand,THA,45.0875623311466,45.8702628148018,46.4681968264676,46.233393700233,45.6601770176767,45.572166129008,45.6510192764979,45.6438245929326,45.5701001341784,45.5900469301846,45.600770517572,45.6057109324853
"Labor force, female (% of total labor force)",SL.TLF.TOTL.FE.ZS,Timor-Leste,TLS,45.6042955680316,45.5301032134406,45.8407180428918,45.864583381529,45.7202918538951,45.5292161189764,45.6007054307796,45.6031510382092,45.5626501197087,45.5886225472493,45.6387490934664,45.6496477270496
"Labor force, female (% of total labor force)",SL.TLF.TOTL.FE.ZS,Togo,TGO,50.2321613004625,50.976578920094,49.4747144153657,49.4850732052156,49.5091144865989,49.5460780823838,49.595021307525,49.6448921998371,49.7019930633091,49.7736027948968,49.6788780569014,49.6049194761749
"Labor force, female (% of total labor force)",SL.TLF.TOTL.FE.ZS,Tonga,TON,32.2618899013856,37.4450704225352,38.6405482815057,38.7273147316272,38.7933035829443,38.9214719468521,39.0692105468648,39.0839694656489,39.0981093510475,39.0731303190822,39.0408762365247,39.1189895428309
"Labor force, female (% of total labor force)",SL.TLF.TOTL.FE.ZS,Trinidad and Tobago,TTO,34.1758646776978,38.4025761659611,41.6261735332274,42.2151442271423,42.3639641150331,42.4733468530992,41.8157388663214,42.5446864022883,42.3967074589893,42.4306426220766,42.5476404322538,42.696247988278
"Labor force, female (% of total labor force)",SL.TLF.TOTL.FE.ZS,Tunisia,TUN,22.9129449813805,24.7034499458278,26.4369036117539,26.9350235078271,27.1069986158251,27.0235066150983,26.8802605074928,26.7069747365546,26.550221737152,26.4102162601602,26.3184562714888,26.2217186968139
"Labor force, female (% of total labor force)",SL.TLF.TOTL.FE.ZS,Turkey,TUR,30.7024442210914,27.6992103712588,29.8909587058014,30.5070071371773,31.2067054919184,31.0341099213652,31.7298224264733,32.2578245007681,32.757076040902,33.0144422802756,32.976480485104,32.9455748829398
"Labor force, female (% of total labor force)",SL.TLF.TOTL.FE.ZS,Turkmenistan,TKM,40.8426848614482,41.7020109221262,41.4212569778194,41.339917098533,41.2606845662107,41.1843358331192,41.1242847326162,41.0879934924935,41.0577278614217,41.0326951674,40.9847157045664,40.929614794763
"Labor force, female (% of total labor force)",SL.TLF.TOTL.FE.ZS,Turks and Caicos Islands,TCA,..,..,..,..,..,..,..,..,..,..,..,..
"Labor force, female (% of total labor force)",SL.TLF.TOTL.FE.ZS,Tuvalu,TUV,..,..,..,..,..,..,..,..,..,..,..,..
"Labor force, female (% of total labor force)",SL.TLF.TOTL.FE.ZS,Uganda,UGA,45.4928435238536,47.1225398168785,48.5169062888244,48.6323836449251,48.7569632231569,48.8870434860519,49.0130697361582,49.1177060110687,49.2212923453341,49.3421241303903,49.3174047501935,49.2906053983828
"Labor force, female (% of total labor force)",SL.TLF.TOTL.FE.ZS,Ukraine,UKR,49.4446648059144,48.5156812634236,47.7765493430602,47.268642008587,47.5791570247344,47.2922976832709,47.3331350703923,47.243412975361,47.2075340987897,47.2080880148006,47.1674988577696,47.1251961787777
"Labor force, female (% of total labor force)",SL.TLF.TOTL.FE.ZS,United Arab Emirates,ARE,10.7905106028154,11.992825421816,12.0685031224857,12.9649362244588,14.0298418590182,15.1182528558221,16.0893986110781,16.7709983403211,17.3734227364409,17.4684986893921,17.5783889791383,17.7107444953095
"Labor force, female (% of total labor force)",SL.TLF.TOTL.FE.ZS,United Kingdom,GBR,43.1858727807799,45.2182934904011,46.1145647320597,46.117952263444,46.2731772970343,46.4128763327931,46.4602043210587,46.5328563249662,46.7594170509518,46.8119168290186,46.8288305314643,46.8425282920884
"Labor force, female (% of total labor force)",SL.TLF.TOTL.FE.ZS,United States,USA,44.3091482425979,45.5626451207083,46.1111440993089,45.9391729947311,45.9100362437357,45.9658479183952,45.86337744629,45.8706799639512,46.0250833060613,46.0536744988158,46.0312744821391,46.0084897734652
"Labor force, female (% of total labor force)",SL.TLF.TOTL.FE.ZS,Uruguay,URY,39.5361789374507,42.8603772761995,44.714608116454,44.8758603033261,44.5509297598434,44.9902180148512,45.0743582619592,45.4143109343864,45.4455287538374,45.491664861782,45.5130874192637,45.5316530449404
"Labor force, female (% of total labor force)",SL.TLF.TOTL.FE.ZS,Uzbekistan,UZB,41.0255420818903,41.7305745501776,41.4025593288896,41.3067846931533,41.2118918388017,41.126989447556,41.048741771904,40.9832366040936,40.9340561081184,40.8887336907614,40.8342583814243,40.7821560351774
"Labor force, female (% of total labor force)",SL.TLF.TOTL.FE.ZS,Vanuatu,VUT,42.7681515992252,42.8665281222766,43.5626542705942,43.5503323703475,43.5376933780797,43.5384888258248,43.5756317064728,43.5946575215809,43.5961095679392,43.5926535701156,43.5842930224953,43.5779086423683
"Labor force, female (% of total labor force)",SL.TLF.TOTL.FE.ZS,"Venezuela, RB",VEN,36.1397164279553,37.7423454180678,39.5027662118885,39.7278113468969,39.8833293530629,39.8840928521107,39.8717188426605,39.4726531360187,39.229867908096,38.9424061491556,39.1153200933062,39.2417224833859
"Labor force, female (% of total labor force)",SL.TLF.TOTL.FE.ZS,Vietnam,VNM,48.6153703249904,48.3455905553694,47.8890721688589,48.0011406061371,47.9595458417346,47.9798996467296,47.719670806357,47.790525759856,47.7739840574174,47.7901567128731,47.8067346353547,47.8163741754431
"Labor force, female (% of total labor force)",SL.TLF.TOTL.FE.ZS,Virgin Islands (U.S.),VIR,47.2961302792285,48.0122147960359,50.0851410379803,50.3081534995438,50.5247376311844,50.6969988493388,51.001859511973,51.2216022699141,51.282590412111,51.3885159756051,51.4618305163143,50.5898050742574
"Labor force, female (% of total labor force)",SL.TLF.TOTL.FE.ZS,West Bank and Gaza,PSE,14.1450472405969,15.1369828889914,18.5020542067901,18.9248654471642,18.4543152754194,19.1484610875899,19.9646781859687,19.4529409054837,19.6221699722522,19.8516130573262,19.9911594458226,20.1169055302419
"Labor force, female (% of total labor force)",SL.TLF.TOTL.FE.ZS,"Yemen, Rep.",YEM,19.8836156730894,22.1938492772728,11.4440842464597,10.2625737798933,9.19893574620388,8.24627594703847,8.11054696988877,7.98728150468095,7.91338244023126,7.86241818527097,7.6783746945054,7.49564952903417
"Labor force, female (% of total labor force)",SL.TLF.TOTL.FE.ZS,Zambia,ZMB,46.8091627486592,47.2520535064442,47.7267298012872,47.7640802263267,47.8041422230712,47.8610369448679,47.9397556168139,48.0375291011123,48.1609241791891,48.2991402919139,48.3257616545869,48.3475515025362
"Labor force, female (% of total labor force)",SL.TLF.TOTL.FE.ZS,Zimbabwe,ZWE,45.4374225187154,47.2290851939539,50.8167392192538,50.8699453395416,50.9041659991616,50.9374037902535,50.969785711163,50.9334388269272,50.9191188648549,50.9221968606101,50.8875710225154,50.8598176835934
"Labor force, female (% of total labor force)",SL.TLF.TOTL.FE.ZS,Arab World,ARB,19.6979952427942,20.4808674340437,20.596132360562,20.7317955475552,20.9375720920779,20.9865395452712,20.9882029615242,21.1468764203238,20.7468127505557,20.711250749838,20.7177210038307,20.7295788324824
"Labor force, female (% of total labor force)",SL.TLF.TOTL.FE.ZS,Caribbean small states,CSS,40.8605118771897,40.9154611112008,42.8440369954975,43.1039030466701,43.3574579416698,43.3771590920384,43.3034241553923,43.7565889992073,43.9046891257752,43.8588356517259,43.9348189737182,44.0006674418544
"Labor force, female (% of total labor force)",SL.TLF.TOTL.FE.ZS,Central Europe and the Baltics,CEB,45.897482559651,45.9232643572912,45.2006676788521,45.2380194052252,45.169712571241,45.1323153423338,45.0458769098787,44.9844219584472,45.017799600249,45.0044002718998,44.999052387665,44.9948183068932
"Labor force, female (% of total labor force)",SL.TLF.TOTL.FE.ZS,Early-demographic dividend,EAR,28.8966462360093,30.1984068061657,29.7312515032373,29.5413491018368,29.5206662773509,29.5132331891792,29.6036676372347,29.6673959998766,29.7280332575175,29.8174056414631,29.8183309593722,29.8150104240607
"Labor force, female (% of total labor force)",SL.TLF.TOTL.FE.ZS,East Asia & Pacific,EAS,43.7662911983694,43.9403621446915,43.3562848201349,43.3509668356715,43.3405852109335,43.3539174296167,43.3584815291823,43.356535179668,43.3402335524633,43.3785953167644,43.3202917620679,43.2618388765767
"Labor force, female (% of total labor force)",SL.TLF.TOTL.FE.ZS,East Asia & Pacific (excluding high income),EAP,44.252081329438,44.3312469527253,43.4771958355194,43.4540110993066,43.4096143222661,43.3996737223287,43.3821166510707,43.3537735723093,43.3033190357459,43.309597614837,43.2380407422863,43.1671526804337
"Labor force, female (% of total labor force)",SL.TLF.TOTL.FE.ZS,East Asia & Pacific (IDA & IBRD countries),TEA,44.1824565280553,44.2798804541464,43.4194822510162,43.3965400075177,43.3520122531065,43.3424863158659,43.324960285336,43.2963502590091,43.2453838244681,43.2519425443807,43.1795240533591,43.1079498999254
"Labor force, female (% of total labor force)",SL.TLF.TOTL.FE.ZS,Euro area,EMU,39.8943246749059,42.7306146020746,45.3623006411964,45.5774130740463,45.772002270841,45.8853904422382,45.9365359081673,46.0470629791803,46.0700091866087,46.0787167514272,46.110625914948,46.1394291602451
"Labor force, female (% of total labor force)",SL.TLF.TOTL.FE.ZS,Europe & Central Asia,ECS,43.2342353588629,44.1587007594076,45.1122679565677,45.1813554770976,45.2496988385924,45.2359926964743,45.2345676523276,45.2597280031038,45.2663116007545,45.2770394101724,45.2556773923839,45.2372840325827
"Labor force, female (% of total labor force)",SL.TLF.TOTL.FE.ZS,Europe & Central Asia (excluding high income),ECA,45.2992547994486,44.6881103192299,44.6219061810874,44.5803461478176,44.5472206039115,44.3879580625171,44.3654371915494,44.3258783807178,44.2733505954025,44.2661081610879,44.1755633743403,44.0968393141354
"Labor force, female (% of total labor force)",SL.TLF.TOTL.FE.ZS,Europe & Central Asia (IDA & IBRD countries),TEC,45.3574859993321,44.9015188427664,44.6411718893181,44.5992639462163,44.5567250643019,44.4184244418192,44.3633511314213,44.3095441431062,44.2699726187222,44.2664212712417,44.1849622283343,44.1141081988148
"Labor force, female (% of total labor force)",SL.TLF.TOTL.FE.ZS,European Union,EUU,41.5595787071284,43.5523287209535,45.3379288813376,45.5115824141048,45.6504427342921,45.7278789521869,45.7401909689603,45.809011997008,45.8335151495585,45.8456656325905,45.8730501539154,45.8980054476983
"Labor force, female (% of total labor force)",SL.TLF.TOTL.FE.ZS,Fragile and conflict affected situations,FCS,41.8880480862285,41.7499909897936,41.0526125886756,40.8724789248897,40.7676550381714,40.7262604708163,40.7259457839075,40.6880764762969,40.6028979649634,40.6447021529114,40.6109537197397,40.5706952030109
"Labor force, female (% of total labor force)",SL.TLF.TOTL.FE.ZS,Heavily indebted poor countries (HIPC),HPC,44.5274091986277,44.9038495671434,44.9991645754395,44.932687956862,44.9363499661211,44.9726349893267,45.0123243039814,45.1312170652381,45.229063369393,45.3543439045013,45.3441578715541,45.3329206915515
"Labor force, female (% of total labor force)",SL.TLF.TOTL.FE.ZS,High income,HIC,41.4458287970342,42.928933910456,43.7488817825249,43.7739272026078,43.8519190985177,43.929087868959,43.9295012424739,44.0149344436718,44.1189488601575,44.1887971679544,44.1756812504566,44.1630557884367
"Labor force, female (% of total labor force)",SL.TLF.TOTL.FE.ZS,IBRD only,IBD,38.4209449481806,38.6304476421058,37.4677529562525,37.3193256946741,37.2503017536958,37.1590270037958,37.1251500890966,37.0950120201676,37.0502934272247,37.0396388736632,36.925039206143,36.810644003991
"Labor force, female (% of total labor force)",SL.TLF.TOTL.FE.ZS,IDA & IBRD total,IBT,38.4319967930458,38.7085795095669,37.9578816637307,37.8435737978154,37.8007501086127,37.7669728834482,37.7782481187079,37.7738807821595,37.7738227878889,37.7865467153965,37.7180297629649,37.650316659925
"Labor force, female (% of total labor force)",SL.TLF.TOTL.FE.ZS,IDA blend,IDB,34.7248556140617,35.6441639707327,37.0280475198943,36.8358298302522,36.670360239616,36.7770430775783,36.8124860421494,36.5744582762298,36.4147058168105,36.2809414736107,36.3126936171896,36.3473120277827
"Labor force, female (% of total labor force)",SL.TLF.TOTL.FE.ZS,IDA only,IDX,40.1438874972414,40.562888161558,41.1690676536885,41.2443024668641,41.3546820782394,41.5226686872077,41.7086437024949,41.8772993521286,42.0853663867233,42.2018373731135,42.2351988943955,42.2625531796675
"Labor force, female (% of total labor force)",SL.TLF.TOTL.FE.ZS,IDA total,IDA,38.4881582491749,39.0652629533934,39.88271117795,39.8794612289597,39.9108177384015,40.0597872295651,40.1938136887721,40.2414847357493,40.3453439911878,40.3897025033148,40.4247094801072,40.4568970827665
"Labor force, female (% of total labor force)",SL.TLF.TOTL.FE.ZS,Late-demographic dividend,LTE,44.228518824016,44.4837163120893,43.7916469015607,43.7914655433264,43.7697574197101,43.7576991695248,43.7405181427952,43.7141833838872,43.7066521545386,43.6758757291067,43.5982189797374,43.5228801244099
"Labor force, female (% of total labor force)",SL.TLF.TOTL.FE.ZS,Latin America & Caribbean,LCN,34.7757539585888,38.5360985848435,40.7146516148231,41.0356709255078,41.0743440962629,41.0082810880761,41.169253415999,41.3499555090955,41.5149499668333,41.7266071214138,41.7514749559964,41.7741615221501
"Labor force, female (% of total labor force)",SL.TLF.TOTL.FE.ZS,Latin America & Caribbean (excluding high income),LAC,34.8291062634224,38.6063546276229,40.6974769344211,41.0219054891455,41.0520399772297,40.9673679628343,41.1358020590866,41.3128313658727,41.4765874357484,41.6822485514085,41.7069156152366,41.7293104458896
"Labor force, female (% of total labor force)",SL.TLF.TOTL.FE.ZS,Latin America & the Caribbean (IDA & IBRD countries),TLA,34.6994290242575,38.5802884952001,40.7320889122285,41.0606901671359,41.0998629332562,41.0327387887844,41.1950035530682,41.3790750658106,41.5496207708369,41.7659775665913,41.7918551191368,41.815267197176
"Labor force, female (% of total labor force)",SL.TLF.TOTL.FE.ZS,Least developed countries: UN classification,LDC,40.7315548893672,41.1758014841184,41.8542872963984,41.9233366662287,42.0158587361607,42.1535178227514,42.3273976247606,42.4807329853113,42.6963922501534,42.7933883417725,42.826004526512,42.8561885899049
"Labor force, female (% of total labor force)",SL.TLF.TOTL.FE.ZS,Low & middle income,LMY,38.3909469816415,38.6616109069389,37.9204862934656,37.8041499411839,37.7607779022868,37.7249753515462,37.7396822953899,37.7358886887883,37.7336928121621,37.7448783514885,37.676454840859,37.6087650902616
"Labor force, female (% of total labor force)",SL.TLF.TOTL.FE.ZS,Low income,LIC,44.0591833762351,43.9023087630385,43.4166309425504,43.3793776086847,43.395190500092,43.4525836279811,43.5323762351652,43.6370937476915,43.7402745312785,43.8187921916431,43.8078569852951,43.7884760164364
"Labor force, female (% of total labor force)",SL.TLF.TOTL.FE.ZS,Lower middle income,LMC,31.1897871683561,31.5928571814796,30.680574497817,30.3163303134042,30.3134817170352,30.3301135817292,30.33062743444,30.2835715788471,30.2562917104618,30.284518913029,30.2709298180515,30.2558234874727
"Labor force, female (% of total labor force)",SL.TLF.TOTL.FE.ZS,Middle East & North Africa,MEA,17.8156392933265,19.4290516066921,20.0013633703008,20.0310353081092,20.1094717800053,20.0607469092235,20.2325700772231,20.6197918347928,20.4017883466993,20.3111043074025,20.2969122892436,20.2828131341783
"Labor force, female (% of total labor force)",SL.TLF.TOTL.FE.ZS,Middle East & North Africa (excluding high income),MNA,17.7254930802668,19.0892341192731,20.0982584498055,20.0654580825495,20.1496439954412,20.0030498395153,20.1024052698694,20.5058810468399,20.2656997656594,20.1959463055579,20.1996222922692,20.1969473036034
"Labor force, female (% of total labor force)",SL.TLF.TOTL.FE.ZS,Middle East & North Africa (IDA & IBRD countries),TMN,17.7507554212569,19.120020432628,20.1124460223876,20.0758490301195,20.1653241085445,20.0112068045124,20.1038047461101,20.5166354152385,20.2724339322666,20.1995605035836,20.20185853993,20.1978228760244
"Labor force, female (% of total labor force)",SL.TLF.TOTL.FE.ZS,Middle income,MIC,38.0007250622735,38.2674005660056,37.4400024476405,37.309379192759,37.2520815462231,37.1989919339604,37.1979012677362,37.1726393182555,37.1491670186797,37.1416525056381,37.0543426687099,36.9679302682945
"Labor force, female (% of total labor force)",SL.TLF.TOTL.FE.ZS,North America,NAC,44.2852538899585,45.5763088658712,46.2171426543286,46.0780726842206,46.0628484050596,46.0993122119297,45.9931774823602,46.0130686746605,46.1616682290165,46.1973857697983,46.1794506423086,46.1603312556056
"Labor force, female (% of total labor force)",SL.TLF.TOTL.FE.ZS,Not classified,INX,..,..,..,..,..,..,..,..,..,..,..,..
"Labor force, female (% of total labor force)",SL.TLF.TOTL.FE.ZS,OECD members,OED,40.7771425591988,42.2170476245832,43.6376870086785,43.7570569602667,43.8814464517903,43.9060590478283,43.9558849073431,44.0504777386019,44.1506503640117,44.2434837274486,44.2459382197747,44.2483136406198
"Labor force, female (% of total labor force)",SL.TLF.TOTL.FE.ZS,Other small states,OSS,40.8039214412538,41.4360918286745,38.3662099427954,38.3876378428078,38.4249996528158,38.3082286525141,38.2923773958688,38.0855901896758,38.0169796092694,37.9645566699039,37.8907501087019,37.8454264504361
"Labor force, female (% of total labor force)",SL.TLF.TOTL.FE.ZS,Pacific island small states,PSS,38.0846497347563,38.4460866827325,40.7855986949968,40.7561160068394,40.748447796754,40.7693087099265,40.5197209564306,40.2684548440328,40.3574057735643,40.4357526334875,40.5484605140773,40.6529264140155
"Labor force, female (% of total labor force)",SL.TLF.TOTL.FE.ZS,Post-demographic dividend,PST,42.3703124231972,43.7528938195703,45.118816254884,45.1581578308541,45.2973339541922,45.3863237266959,45.4148924788543,45.5033835299429,45.6299372368797,45.7127129884735,45.7286251785699,45.7426146422279
"Labor force, female (% of total labor force)",SL.TLF.TOTL.FE.ZS,Pre-demographic dividend,PRE,44.4412229129421,44.6518539189918,44.5878909063621,44.4846709059725,44.4268941880607,44.4056378617046,44.4474820529024,44.523265983509,44.5399150397802,44.6240396445152,44.5956025276775,44.5676291583071
"Labor force, female (% of total labor force)",SL.TLF.TOTL.FE.ZS,Small states,SST,40.6641200861072,41.1393926210762,39.3853409046411,39.4363437414122,39.5017962178804,39.4046806319306,39.3533887566229,39.2650823349227,39.2358414538718,39.1730966110249,39.122836372803,39.0930820029426
"Labor force, female (% of total labor force)",SL.TLF.TOTL.FE.ZS,South Asia,SAS,24.3992007324597,25.0064625683922,23.1048766942893,22.5154214792663,22.4857673437982,22.4698017959526,22.4968214743918,22.4108237092075,22.4578868662955,22.3528066596195,22.3016018075173,22.2473481391201
"Labor force, female (% of total labor force)",SL.TLF.TOTL.FE.ZS,South Asia (IDA & IBRD),TSA,24.3992007324597,25.0064625683922,23.1048766942893,22.5154214792663,22.4857673437982,22.4698017959526,22.4968214743918,22.4108237092075,22.4578868662955,22.3528066596195,22.3016018075173,22.2473481391201
"Labor force, female (% of total labor force)",SL.TLF.TOTL.FE.ZS,Sub-Saharan Africa,SSF,45.2187183388379,46.0557126906525,46.3280505388095,46.2682109434176,46.2632158942856,46.2589859563799,46.2950037801798,46.3389616820433,46.4263483259339,46.5157046718742,46.4936223649609,46.4711403555781
"Labor force, female (% of total labor force)",SL.TLF.TOTL.FE.ZS,Sub-Saharan Africa (excluding high income),SSA,45.2485392742891,46.0796390892818,46.343024992588,46.2826765932285,46.2761559839148,46.271652138805,46.3063968225574,46.3505579399951,46.4376733152204,46.5262983391228,46.5037015331921,46.4807367688073
"Labor force, female (% of total labor force)",SL.TLF.TOTL.FE.ZS,Sub-Saharan Africa (IDA & IBRD countries),TSS,45.2187183388379,46.0557126906525,46.3280505388095,46.2682109434176,46.2632158942856,46.2589859563799,46.2950037801798,46.3389616820433,46.4263483259339,46.5157046718742,46.4936223649609,46.4711403555781
"Labor force, female (% of total labor force)",SL.TLF.TOTL.FE.ZS,Upper middle income,UMC,42.133828972222,42.6393771567405,42.2873898124389,42.3171022513016,42.2672031523082,42.2032425355318,42.2331206323628,42.2609076565427,42.2731594617461,42.2819011232765,42.2124268073506,42.145334533071
"Labor force, female (% of total labor force)",SL.TLF.TOTL.FE.ZS,World,WLD,39.0394330174826,39.4935161701658,38.9985054122236,38.9071803431333,38.8821525690321,38.8644934856641,38.8722509953248,38.8837280772396,38.8979738198956,38.9170940314204,38.8508119162852,38.7841265788742

