country_name,country_code,year,total,single,married,union_cohabiting,widowed,divorced,single_widowed_divorced,married_union_cohabiting,not_elsewhere_classified
Afghanistan,AFG,2012,1098.045,248.304,795.325,,53.619,0.797,302.72,795.325,
Afghanistan,AFG,2014,1873.69,498.944,1204.833,,72.09,3.677,574.711,1204.833,94.146
Afghanistan,AFG,2017,1603.087,305.924,1133.319,85.511,75.366,2.967,384.257,1218.83,
Angola,AGO,2004,1284.654,,,,,,,1543.943,
Angola,AGO,2009,2786.864,507.908,338.285,1337.665,286.21,316.796,1110.913,1675.95,
Angola,AGO,2011,1448.263,,,,,,,2265.542,
Albania,ALB,2007,445.671,85.988,340.312,,14.687,4.685,105.36,340.312,
Albania,ALB,2008,579.861,99.574,456.954,,16.509,6.824,122.907,456.954,
Albania,ALB,2009,589.456,125.206,433.668,,21.337,9.245,155.788,433.668,
Albania,ALB,2010,591.159,113.537,444.149,,25.367,8.107,147.011,444.149,
Albania,ALB,2011,592.75,106.871,452.266,,24.321,9.292,140.484,452.266,
Albania,ALB,2013,532.512,79.87,407.958,,29.399,15.284,124.554,407.958,
Albania,ALB,2014,527.454,90.896,409.083,,20.534,6.941,118.371,409.083,
Albania,ALB,2015,559.825,82.666,442.57,,25.811,8.779,117.255,442.57,
Albania,ALB,2016,589.511,93.261,461.186,,26.848,8.216,128.325,461.186,
Albania,ALB,2017,588.14,65.996,346.03,,22.734,7.033,95.762,346.03,146.348
Albania,ALB,2018,612.28,104.606,471.515,,26.465,9.695,140.765,471.515,
Albania,ALB,2019,634.249,112.079,486.097,,25.146,10.928,148.152,486.097,
United Arab Emirates,ARE,2017,1446.686,492.314,0.859,,56.343,879.322,1427.978,0.859,17.848
United Arab Emirates,ARE,2018,1354.555,510.879,781.227,,19.724,42.725,573.328,781.227,
United Arab Emirates,ARE,2019,1866.5,659.484,1110.577,,30.8,65.482,755.766,1110.577,
Argentina,ARG,2004,4619.441,1496.368,1674.171,706.818,205.127,536.957,2238.452,2380.989,
Argentina,ARG,2005,4607.56,1483.845,1582.157,740.144,237.933,563.481,2285.258,2322.301,
Argentina,ARG,2006,4759.001,1563.539,1614.084,790.323,225.939,565.117,2354.594,2404.407,
Argentina,ARG,2008,4741.779,1550.408,1604.024,830.555,196.036,559.181,2305.625,2434.579,
Argentina,ARG,2009,4876.297,1568.118,1639.654,881.468,205.203,581.493,2354.814,2521.121,
Argentina,ARG,2010,4827.009,1544.514,1549.556,950.301,202.395,580.244,2327.152,2499.857,
Argentina,ARG,2011,4853.112,1531.453,1539.163,1027.736,176.654,576.325,2284.431,2566.899,
Argentina,ARG,2012,4944.722,1587.041,1552.453,1036.371,174.856,594.001,2355.898,2588.824,
Argentina,ARG,2013,4966.26,1586.257,1513.692,1097.294,172.589,596.121,2354.967,2610.986,
Argentina,ARG,2014,5028.089,1615.755,1470.91,1139.321,180.313,621.484,2417.553,2610.231,
Argentina,ARG,2017,5447.424,1728.332,1515.69,1276.802,194.353,731.261,2653.946,2792.491,
Argentina,ARG,2018,5710.511,1806.479,1563.28,1410.12,195.151,734.59,2736.22,2973.4,
Argentina,ARG,2019,5870.969,1869.499,1547.859,1521.115,185.29,746.732,2801.521,3068.974,
Armenia,ARM,2008,607.911,136.279,375.754,,61.658,32.545,230.482,376.72,
Armenia,ARM,2014,674.914,137.468,421.107,,76.26,40.079,253.807,421.107,
Armenia,ARM,2015,631.861,131.539,401.432,,67.403,31.487,230.429,401.432,
Armenia,ARM,2016,579.271,105.624,380.217,,62.669,30.761,199.054,380.217,
Armenia,ARM,2017,583.997,114.545,376.218,,58.24,34.994,207.779,376.218,
Armenia,ARM,2018,561.053,123.99,344.027,,60.118,32.918,217.026,344.027,
Armenia,ARM,2007,591.708,88.353,388.992,1.5,82.04,30.824,201.217,390.492,
Armenia,ARM,2009,666.594,134.241,416.299,2.71,77.619,35.538,247.397,419.009,
Armenia,ARM,2010,686.12,131.046,430.331,4.184,78.223,41.538,250.807,434.515,0.798
Armenia,ARM,2011,701.836,144.686,439.977,2.824,71.163,42.551,258.4,442.801,0.636
Armenia,ARM,2012,694.664,133.585,434.251,5.698,78.243,42.095,253.924,439.949,0.791
Armenia,ARM,2013,678.959,129.398,422.225,5.757,75.501,45.896,250.795,427.982,
Austria,AUT,1995,705.912,,,,,,,964.869,
Austria,AUT,1996,715.395,,,,,,,942.717,
Austria,AUT,1997,712.43,,,,,,,947.56,
Austria,AUT,1998,728.775,,,,,,,955.145,
Austria,AUT,1999,738.678,,,,,,,957.068,
Austria,AUT,2000,736.386,,,,,,,963.961,
Austria,AUT,2001,746.141,,,,,,,958.082,
Austria,AUT,2002,765.562,,,,,,,971.625,
Austria,AUT,2003,765.698,,,,,,,994.782,
Austria,AUT,2004,798.047,,,,,,,945.312,
Austria,AUT,2005,861.304,,,,,,,945.875,
Austria,AUT,2006,868.667,,,,,,,975.629,
Austria,AUT,2007,911.639,,,,,,,973.823,
Austria,AUT,2008,939.875,,,,,,,975.137,
Austria,AUT,2009,953.427,,,,,,,994.368,
Austria,AUT,2010,967.367,,,,,,,992.051,
Austria,AUT,2011,985.7,,,,,,,995.2,
Austria,AUT,2012,1000.738,,,,,,,1008.609,
Austria,AUT,2013,1020.094,,,,,,,1012.002,
Austria,AUT,2014,1029.392,,,,,,,1018.306,
Austria,AUT,2015,1272.098,,,,,,,791.651,
Austria,AUT,2016,1063.898,,,,,,,1038.501,
Austria,AUT,2017,1069.848,,,,,,,1042.544,
Austria,AUT,2018,1075.388,,,,,,,1046.789,
Burundi,BDI,2014,2041.03,322.513,1262.417,147.557,230.314,78.229,631.056,1409.974,
Belgium,BEL,1990,478.909,,,,,,,1054.946,
Belgium,BEL,1991,502.42,,,,,,,1096.943,
Belgium,BEL,1992,525.335,,,,,,,1115.32,
Belgium,BEL,1993,523.919,,,,,,,1154.064,
Belgium,BEL,1994,536.917,,,,,,,1171.426,
Belgium,BEL,1995,552.717,,,,,,,1178.075,
Belgium,BEL,1996,581.523,,,,,,,1156.704,
Belgium,BEL,1997,588.118,,,,,,,1177.755,
Belgium,BEL,1998,639.026,,,,,,,1158.426,
Belgium,BEL,1999,649.342,,,,,,,1223.67,
Belgium,BEL,2000,728.942,,,,,,,1170.47,
Belgium,BEL,2001,730.441,,,,,,,1096.429,
Belgium,BEL,2002,744.541,,,,,,,1122.213,
Belgium,BEL,2003,801.046,,,,,,,1092.004,
Belgium,BEL,2004,835.482,,,,,,,1124.566,
Belgium,BEL,2005,899.723,,,,,,,1143.02,
Belgium,BEL,2006,927.192,,,,,,,1137.308,
Belgium,BEL,2007,968.079,,,,,,,1147.089,
Belgium,BEL,2008,1012.257,,,,,,,1136.15,
Belgium,BEL,2009,1044.781,,,,,,,1122.248,
Belgium,BEL,2010,1071.481,,,,,,,1148.479,
Belgium,BEL,2011,1075.315,,,,,,,1130.389,
Belgium,BEL,2012,1111.445,,,,,,,1111.071,
Belgium,BEL,2013,1149.501,,,,,,,1115.328,
Belgium,BEL,2014,1172.837,,,,,,,1117.244,
Belgium,BEL,2015,1195.056,,,,,,,1101.487,
Belgium,BEL,2016,1241.93,,,,,,,1052.588,
Belgium,BEL,2017,1227.148,,,,,,,1077.422,
Belgium,BEL,2018,1277.966,,,,,,,1076.93,
Benin,BEN,2011,275.322,,,,,,,1303.996,
Burkina Faso,BFA,2014,2892.259,43.653,2546.259,100.592,179.084,22.67,245.407,2646.851,
Burkina Faso,BFA,2018,2055.134,193.905,1685.586,,153.901,20.431,368.238,1685.586,
Bangladesh,BGD,2006,12052.976,996.79,9442.297,,1320.541,293.347,2610.678,9442.297,
Bangladesh,BGD,2010,16940.165,1480.843,14251.431,,893.333,314.557,2688.733,14251.431,
Bangladesh,BGD,2013,18195.157,2232.11,13952.627,,1553.128,457.292,4242.53,13952.627,
Bangladesh,BGD,2017,19980.745,1441.592,16664.078,,1364.628,510.448,3316.667,16664.078,
Bulgaria,BGR,2000,390.294,,,,,,,1202.166,
Bulgaria,BGR,2001,439.469,,,,,,,1181.33,
Bulgaria,BGR,2002,437.992,,,,,,,1173.097,
Bulgaria,BGR,2003,419.018,,,,,,,1136.293,
Bulgaria,BGR,2004,432.901,,,,,,,1145.034,
Bulgaria,BGR,2005,437.671,,,,,,,1103.7,
Bulgaria,BGR,2006,471.751,,,,,,,1134.787,
Bulgaria,BGR,2007,479.753,,,,,,,1160.87,
Bulgaria,BGR,2008,495.582,,,,,,,1168.009,
Bulgaria,BGR,2009,502.359,,,,,,,1126.849,
Bulgaria,BGR,2010,523.703,,,,,,,1064.257,
Bulgaria,BGR,2011,528.234,,,,,,,1027.073,
Bulgaria,BGR,2012,550.953,,,,,,,1010.593,
Bulgaria,BGR,2013,543.9,,,,,,,1030.682,
Bulgaria,BGR,2014,536.651,,,,,,,1030.682,
Bulgaria,BGR,2015,1185.064,,,,,,,370.182,
Bulgaria,BGR,2016,544.864,,,,,,,969.843,
Bulgaria,BGR,2017,632.002,,,,,,,928.463,
Bulgaria,BGR,2018,613.861,,,,,,,925.099,
Bosnia and Herzegovina,BIH,2006,434.028,98.042,290.914,,25.505,16.786,140.333,290.914,2.781
Bosnia and Herzegovina,BIH,2007,435.924,100.77,292.654,,23.893,15.648,140.311,292.654,2.959
Bosnia and Herzegovina,BIH,2008,432.913,98.658,293.611,,20.227,17.443,136.329,293.611,2.974
Bosnia and Herzegovina,BIH,2009,428.31,94.254,289.329,,25.381,16.413,136.047,289.329,2.934
Bosnia and Herzegovina,BIH,2010,443,88.772,309.444,,23.74,16.944,129.456,309.444,4.1
Bosnia and Herzegovina,BIH,2011,432.149,88.404,299.888,,23.561,17.494,129.459,299.888,2.802
Bosnia and Herzegovina,BIH,2012,432.39,91.322,296.855,,23.486,17.132,131.94,296.855,3.595
Bosnia and Herzegovina,BIH,2013,431.836,92.153,296.213,,20.808,19.313,132.273,296.213,3.35
Bosnia and Herzegovina,BIH,2014,437.339,105.408,288,,22.294,17.957,145.659,288,3.681
Bosnia and Herzegovina,BIH,2015,442.329,112.932,282.791,,24.343,19.285,156.559,282.791,2.979
Bosnia and Herzegovina,BIH,2016,411.087,97.203,270.548,,20.719,17.425,135.347,270.548,5.192
Bosnia and Herzegovina,BIH,2017,399.114,91.164,264.111,,23.874,16.705,131.743,264.111,3.26
Bosnia and Herzegovina,BIH,2018,385.758,90.947,255.063,,20.84,17.015,128.803,255.063,1.893
Bosnia and Herzegovina,BIH,2019,379.298,86.084,247.935,,24.926,16.992,128.002,247.935,3.361
Bolivia,BOL,2016,2173.5,581.997,868.309,400.549,135.589,187.057,904.643,1268.858,
Bolivia,BOL,2017,2316.587,604.734,934.021,412.769,151.777,213.287,969.798,1346.79,
Bolivia,BOL,2018,2542.956,656.268,1016.746,499.253,163.46,207.229,1026.957,1516,
Bolivia,BOL,2005,1873.69,490.601,880.086,235.053,149.493,118.457,758.551,1115.139,
Bolivia,BOL,2006,1975.195,557.309,931.15,268.325,104.137,114.274,775.72,1199.475,
Bolivia,BOL,2007,2076.299,574.625,917.988,274.661,160.615,148.41,883.65,1192.649,
Bolivia,BOL,2008,2139.007,590.349,973.129,282.778,132.583,159.258,882.19,1255.907,
Bolivia,BOL,2009,2191.824,577.162,936.55,386.355,139.093,152.178,868.433,1322.905,
Bolivia,BOL,2011,2174.272,600.616,935.654,376.889,128.848,132.265,861.729,1312.543,
Bolivia,BOL,2012,2121.09,574.143,897.242,351.168,130.34,168.197,872.68,1248.41,
Bolivia,BOL,2013,2250.565,622.105,972.004,318.429,167.73,170.297,960.132,1290.433,
Bolivia,BOL,2014,2296.568,617.277,971.76,393.259,147.917,164.759,929.953,1365.019,
Bolivia,BOL,2015,2118.493,576.397,872.186,363.096,136.774,170.04,883.211,1235.282,
Bolivia,BOL,2019,2524.969,662.662,1004.626,455.218,187.185,215.278,1065.125,1459.844,
Brazil,BRA,2009,43090.052,18720.769,19304.712,,1709.544,3355.027,23785.34,19304.712,
Brazil,BRA,2011,42265.477,14044.373,15382.192,6765.665,1607.899,3520.276,19172.548,22147.857,945.072
Brazil,BRA,2012,42688.212,14146.607,15406.619,6960.298,1640.855,3557.607,19345.069,22366.917,976.226
Brazil,BRA,2013,43871.53,14527.877,15741.68,7375.206,1719.123,3732.616,19979.616,23116.886,775.028
Brazil,BRA,2014,45819.748,15128.562,16383.408,7950.44,1791.401,3811.099,20731.062,24333.848,754.838
Brazil,BRA,2015,45075.542,14774.737,16181.343,7596.334,1643.643,3928.3,20346.68,23777.677,951.185
Barbados,BRB,2016,50.26,30.594,12.043,2.007,0.731,4.696,36.022,14.05,0.189
Brunei Darussalam,BRN,2014,87.974,24.06,57.808,,3.014,3.092,30.166,57.808,
Brunei Darussalam,BRN,2017,92.296,31.515,55.378,,2.759,2.644,36.918,55.378,
Brunei Darussalam,BRN,2018,92.209,29.761,55.887,,3.569,2.991,36.322,55.887,
Brunei Darussalam,BRN,2019,93.71,30.119,56.539,,3.913,3.139,37.171,56.539,
Botswana,BWA,1996,204.149,121.367,49.808,20.31,8.642,4.022,134.031,70.118,
Botswana,BWA,2006,316.289,182.024,72.962,38.174,19.193,3.936,205.153,111.136,
Botswana,BWA,2009,356.249,176.804,75.225,72.064,23.219,8.937,208.96,147.289,
Botswana,BWA,2019,484.177,207.12,91.714,157.273,18.219,9.851,235.19,248.987,
Canada,CAN,2000,7276.215,1922.656,3830.951,754.869,122.191,645.549,2690.395,4585.82,
Canada,CAN,2001,7415.455,1971.39,3760.496,873.902,125.856,683.811,2781.057,4634.398,
Canada,CAN,2002,7663.568,2040.855,3860.037,923.813,126.679,712.185,2879.718,4783.849,
Canada,CAN,2003,7884.271,2133.423,3928.115,960.451,128.149,734.133,2995.704,4888.566,
Canada,CAN,2004,7999.979,2161.652,3982.101,991.64,136.508,728.077,3026.238,4973.741,
Canada,CAN,2005,8066.019,2179.156,3985.446,1029.385,138.832,733.201,3051.188,5014.831,
Canada,CAN,2006,8208.766,2241.407,3947.461,1098.589,145.568,775.741,3162.716,5046.05,
Canada,CAN,2007,8405.038,2324.954,4025.882,1125.684,143.964,784.555,3253.473,5151.565,
Canada,CAN,2008,8526.904,2343.206,4098.09,1159.435,149.532,776.642,3269.379,5257.525,
Canada,CAN,2009,8629.286,2364.468,4115.612,1214.609,155.088,779.508,3299.065,5330.222,
Canada,CAN,2010,8745.625,2377.568,4163.747,1244.641,148.699,810.97,3337.237,5408.388,
Canada,CAN,2011,8816.467,2408.241,4143.63,1284.703,156.941,822.952,3388.134,5428.333,
Canada,CAN,2012,8923.92,2471.732,4189.672,1283.95,153.143,825.424,3450.298,5473.622,
Canada,CAN,2013,9041.29,2518.312,4216.648,1310.493,157.472,838.365,3514.149,5527.14,
Canada,CAN,2014,9052.674,2561.854,4174.64,1350.728,153.027,812.425,3527.306,5525.368,
Canada,CAN,2015,9095.62,2562.924,4205.781,1394.787,147.582,784.547,3495.052,5600.568,
Canada,CAN,2016,9198.848,2576.885,4233.823,1433.301,162.019,792.819,3531.724,5667.124,
Canada,CAN,2017,9326.496,2671.213,4256.142,1435.149,159.153,804.839,3635.205,5691.291,
Canada,CAN,2018,9416.712,2663.232,4319.21,1459.638,159.011,815.62,3637.863,5778.849,
Canada,CAN,2019,9572.524,2764.151,4357.819,1486.657,145.741,818.156,3728.047,5844.476,
Switzerland,CHE,1996,799.334,,,,,,,911.411,
Switzerland,CHE,1997,810.983,,,,,,,906.383,
Switzerland,CHE,1998,832.537,,,,,,,926.911,
Switzerland,CHE,1999,855.563,,,,,,,912.194,
Switzerland,CHE,2000,853.037,,,,,,,908.643,
Switzerland,CHE,2001,868.441,,,,,,,942.629,
Switzerland,CHE,2002,867.974,,,,,,,979.235,
Switzerland,CHE,2003,893.204,,,,,,,976.428,
Switzerland,CHE,2004,904.917,,,,,,,970.362,
Switzerland,CHE,2005,925.522,,,,,,,973.623,
Switzerland,CHE,2006,958.144,,,,,,,970.154,
Switzerland,CHE,2007,976.921,,,,,,,973.942,
Switzerland,CHE,2008,1033.005,,,,,,,986.688,
Switzerland,CHE,2009,1037.664,,,,,,,1018.942,
Switzerland,CHE,2010,1027.287,,,,,,,996.214,
Switzerland,CHE,2011,1059.04,,,,,,,1003.523,
Switzerland,CHE,2012,1071.685,,,,,,,1023.752,
Switzerland,CHE,2013,1096.557,,,,,,,1032.525,
Switzerland,CHE,2014,1129.381,,,,,,,1050.799,
Switzerland,CHE,2015,1372.126,,,,,,,844.826,
Switzerland,CHE,2016,1153.142,,,,,,,1103.531,
Switzerland,CHE,2017,1167.973,,,,,,,1096.524,
Switzerland,CHE,2018,1181.919,,,,,,,1108.331,
Chile,CHL,2010,3074.208,1060.829,1063.298,468.245,105.768,376.068,1542.665,1531.543,
Chile,CHL,2011,3256.08,1139.052,1112.909,481.596,111.228,411.296,1661.576,1594.504,
Chile,CHL,2012,3323.566,1171.422,1111.576,491.213,114.892,434.464,1720.778,1602.789,
Chile,CHL,2013,3384.809,1173.717,1147.557,496.834,115.363,451.338,1740.418,1644.391,
Chile,CHL,2014,3484.653,1202.101,1153.696,533.748,128.364,466.744,1797.209,1687.444,
Chile,CHL,2015,3528.889,1262.513,1122.455,561.299,131.661,450.961,1845.135,1683.754,
Chile,CHL,2016,3571.155,1263.524,1105.638,607.14,122.212,472.641,1858.377,1712.778,
Chile,CHL,2017,3670.63,1291.892,1135.747,628.499,126.48,488.011,1906.384,1764.247,
Chile,CHL,2018,3777.399,1360.966,1144.924,648.093,131.989,491.427,1984.382,1793.017,
Chile,CHL,2019,3857.067,1409.647,1153.699,661.468,120.147,511.897,2041.692,1815.167,
Chile,CHL,1990,1585.416,663.842,632.233,64.736,75.209,149.396,888.447,696.969,
Chile,CHL,1992,1729.662,724.018,678.939,85.038,81.259,160.408,965.685,763.977,
Chile,CHL,1996,1965.679,715.517,812.786,151.251,80.136,205.989,1001.642,964.037,
Chile,CHL,1998,2169.047,755.639,900.532,180.957,86.914,243.914,1086.467,1081.489,1.091
Chile,CHL,2000,2272.119,750.775,952.474,224.982,81.873,262.015,1094.663,1177.456,
Chile,CHL,2003,2547.047,863.242,1000.242,309.622,83.435,288.442,1235.119,1309.864,2.064
Chile,CHL,2006,2796.695,958.061,1023.744,384.255,95.746,334.374,1388.181,1407.999,0.515
Chile,CHL,2009,2967.239,1091.554,1007.146,415.34,94.381,358.818,1544.753,1422.486,
C么te d'Ivoire,CIV,2012,2330.066,836.476,1305.624,,149.773,36.383,1022.632,1305.624,
C么te d'Ivoire,CIV,2013,4259.203,1172.878,2654.103,,323.225,95.957,1592.061,2654.103,13.039
C么te d'Ivoire,CIV,2016,3542.787,701.227,2055.99,402.897,263.474,119.199,1083.901,2458.887,
C么te d'Ivoire,CIV,2017,3230.416,888.566,2122.241,,173.256,46.353,1108.175,2122.241,
Cameroon,CMR,2007,4205.559,1071.882,2235.299,181.028,527.875,188.59,1788.347,2416.327,
Cameroon,CMR,2014,4270.815,1027.078,2320.888,218.994,521.201,182.654,1730.933,2539.883,
"Congo, Democratic Republic of the",COD,2005,9884.308,1246.421,6787.152,564.197,811.533,473.779,2531.734,7351.348,
"Congo, Democratic Republic of the",COD,2012,14097.651,1762.957,8990.997,970.115,1378.834,979.648,4121.439,9961.112,15.1
Congo,COG,2005,333.227,,,,,,,429.673,
Cook Islands,COK,2016,3.897,1.368,1.732,0.381,0.171,0.152,1.691,2.113,0.093
Cook Islands,COK,2019,3.718,0.957,1.613,0.875,0.151,0.123,1.23,2.488,
Colombia,COL,2007,7589.894,1822.121,1202.132,1919.794,2283.662,362.185,4467.968,3121.926,
Colombia,COL,2008,7836.408,2253.572,1862.78,2008.076,359.888,1352.092,3965.552,3870.856,
Colombia,COL,2009,8533.955,2324.422,2005.126,2395.807,379.178,1429.421,4133.022,4400.933,
Colombia,COL,2010,9009.239,2372.499,2074.579,2564.409,402.323,1595.429,4370.252,4638.988,
Colombia,COL,2011,9311.003,2395.344,2120.687,2712.006,407.96,1675.006,4478.31,4832.693,
Colombia,COL,2012,9709.966,2424.889,2152.972,2915.723,445.609,1770.773,4641.271,5068.695,
Colombia,COL,2013,9851.623,2391.911,2148.134,3020.225,406.17,1885.184,4683.264,5168.359,
Colombia,COL,2014,10034.337,2467.665,2155.346,3062.56,419.179,1929.588,4816.431,5217.905,
Colombia,COL,2015,10300.851,2481.421,2174.578,3186.464,434.821,2023.567,4939.809,5361.041,
Colombia,COL,2016,10412.863,2476.868,2202.722,3271.942,430.836,2030.496,4938.199,5474.664,
Colombia,COL,2017,10539.18,2511.423,2113.228,3432.356,419.691,2062.483,4993.596,5545.584,
Colombia,COL,2018,10566.666,2530.928,2079.189,3469.859,390.534,2096.156,5017.618,5549.048,
Colombia,COL,2019,10518.553,2519.821,2045.885,3480.567,388.982,2083.298,4992.101,5526.452,
Comoros,COM,2004,18.492,,,,,,,38.537,
Comoros,COM,2014,73.42,10.124,54.011,,3.245,6.04,19.409,54.011,
Cape Verde,CPV,2015,85.994,31.973,12.935,26.859,1.887,12.257,46.117,39.794,
Costa Rica,CRI,2011,758.187,274.864,227.414,111.264,19.632,124.823,419.319,338.678,0.19
Costa Rica,CRI,2012,861.995,315.69,269.386,125.721,17.811,133.388,466.888,395.107,
Costa Rica,CRI,2013,873.219,317.058,265.179,118.921,17.315,154.747,489.12,384.1,
Costa Rica,CRI,2014,884.379,281.886,283.271,133.271,23.161,162.177,467.224,416.541,0.614
Costa Rica,CRI,2015,879.201,300.039,269.49,135.938,20.302,152.664,473.005,405.428,0.768
Costa Rica,CRI,2016,821.349,273.931,245.314,128.531,18.107,154.843,446.882,373.845,0.623
Costa Rica,CRI,2017,838.136,286.451,238.902,136.382,18.041,158.36,462.851,375.285,
Costa Rica,CRI,2018,898.23,305.281,266.606,151.744,20.748,153.851,479.88,418.35,
Costa Rica,CRI,2019,989.307,338.486,302.438,150.322,27.516,170.544,536.547,452.76,
Costa Rica,CRI,2010,804.615,284.346,249.065,117.377,20.562,133.265,438.173,366.442,
Costa Rica,CRI,2008,728.267,249.808,233.608,101.827,16.633,125.66,392.101,335.435,0.731
Costa Rica,CRI,2009,728.622,234.81,236.803,107.325,18.386,130.603,383.799,344.128,0.695
Cyprus,CYP,2000,35.32,,,,,,,96.425,
Cyprus,CYP,2001,39.474,,,,,,,101.95,
Cyprus,CYP,2002,41.038,,,,,,,103.547,
Cyprus,CYP,2003,43.994,,,,,,,108.476,
Cyprus,CYP,2004,46.619,,,,,,,109.066,
Cyprus,CYP,2005,49.16,,,,,,,111.969,
Cyprus,CYP,2006,51.884,,,,,,,113.998,
Cyprus,CYP,2007,57.391,,,,,,,119.181,
Cyprus,CYP,2008,57.193,,,,,,,120.998,
Cyprus,CYP,2009,59.817,,,,,,,128.837,
Cyprus,CYP,2010,65.782,,,,,,,133.47,
Cyprus,CYP,2011,72.547,,,,,,,132.476,
Cyprus,CYP,2012,71.077,,,,,,,135.467,
Cyprus,CYP,2013,74.353,,,,,,,131.791,
Cyprus,CYP,2014,82.598,,,,,,,126.523,
Cyprus,CYP,2015,143.047,,,,,,,61.758,
Cyprus,CYP,2016,77.304,,,,,,,124.163,
Cyprus,CYP,2017,79.692,,,,,,,125.315,
Cyprus,CYP,2018,82.388,,,,,,,126.598,
Czechia,CZE,1997,711.891,,,,,,,1560.505,
Czechia,CZE,1998,741.574,,,,,,,1544.58,
Czechia,CZE,1999,768.31,,,,,,,1536.741,
Czechia,CZE,2000,775.937,,,,,,,1518.326,
Czechia,CZE,2001,802.833,,,,,,,1469.712,
Czechia,CZE,2002,793.327,,,,,,,1468.377,
Czechia,CZE,2003,826.455,,,,,,,1446.703,
Czechia,CZE,2004,854.485,,,,,,,1410.392,
Czechia,CZE,2005,854.737,,,,,,,1427.243,
Czechia,CZE,2006,882.193,,,,,,,1406.382,
Czechia,CZE,2007,888.174,,,,,,,1380.603,
Czechia,CZE,2008,906.502,,,,,,,1360.03,
Czechia,CZE,2009,930.622,,,,,,,1356.731,
Czechia,CZE,2010,948.618,,,,,,,1331.075,
Czechia,CZE,2011,938.563,,,,,,,1336.105,
Czechia,CZE,2012,936.063,,,,,,,1364.166,
Czechia,CZE,2013,998.158,,,,,,,1338.519,
Czechia,CZE,2014,992.115,,,,,,,1337.471,
Czechia,CZE,2015,1755.941,,,,,,,591.316,
Czechia,CZE,2016,1030.585,,,,,,,1342.033,
Czechia,CZE,2017,1044.637,,,,,,,1346.886,
Czechia,CZE,2018,1056.894,,,,,,,1358.247,
Denmark,DNK,1990,607.468,,,,,,,733.886,
Denmark,DNK,1991,621.092,,,,,,,731.947,
Denmark,DNK,1992,637.311,,,,,,,721.558,
Denmark,DNK,1993,628.217,,,,,,,722.332,
Denmark,DNK,1994,576.211,,,,,,,700.754,
Denmark,DNK,1995,585.789,,,,,,,685.158,
Denmark,DNK,1996,599.181,,,,,,,688.22,
Denmark,DNK,1997,589.541,,,,,,,709.722,
Denmark,DNK,1998,609.313,,,,,,,706.159,
Denmark,DNK,1999,606.435,,,,,,,720.118,
Denmark,DNK,2000,602.208,,,,,,,730.95,
Denmark,DNK,2001,598.325,,,,,,,725.177,
Denmark,DNK,2002,615.095,,,,,,,726.092,
Denmark,DNK,2003,599.621,,,,,,,728.951,
Denmark,DNK,2004,610.949,,,,,,,738.11,
Denmark,DNK,2005,622.604,,,,,,,732.268,
Denmark,DNK,2006,621.488,,,,,,,750.478,
Denmark,DNK,2007,652.133,,,,,,,717.261,
Denmark,DNK,2008,634.296,,,,,,,753.525,
Denmark,DNK,2009,611.377,,,,,,,779.086,
Denmark,DNK,2010,640.58,,,,,,,740.416,
Denmark,DNK,2011,667.704,,,,,,,717.567,
Denmark,DNK,2012,670.865,,,,,,,709.654,
Denmark,DNK,2013,678.901,,,,,,,699.099,
Denmark,DNK,2014,694.067,,,,,,,681.381,
Denmark,DNK,2015,837.107,,,,,,,543.209,
Denmark,DNK,2016,747.535,,,,,,,684.186,
Denmark,DNK,2017,750.459,,,,,,,662.973,
Denmark,DNK,2018,749.433,,,,,,,677.458,
Dominican Republic,DOM,2015,1783.56,264.546,304.919,591.011,65.856,557.094,887.497,895.931,
Dominican Republic,DOM,2016,1861.325,272.437,319.692,615.792,77.487,575.718,925.642,935.484,
Dominican Republic,DOM,2017,1893.138,260.221,290.815,656.059,73.577,612.465,946.263,946.875,
Dominican Republic,DOM,2018,1969.897,245.209,308.814,694.193,76.264,645.417,966.89,1003.007,
Dominican Republic,DOM,2019,2090.845,254.548,339.971,726.882,76.404,692.988,1023.94,1066.853,
Dominican Republic,DOM,2000,1144.355,316.193,292.65,311.865,38.908,184.74,539.841,604.515,
Dominican Republic,DOM,2001,1119.28,285.552,272.463,294.884,54.378,212.003,551.933,567.347,
Dominican Republic,DOM,2002,1188.11,277.064,283.446,324.193,55.009,248.399,580.471,607.639,
Dominican Republic,DOM,2003,1171.954,235.23,291.705,312.755,57.709,274.556,567.494,604.46,
Dominican Republic,DOM,2004,1186.993,238.671,288.353,342.159,49.07,268.741,556.481,630.512,
Dominican Republic,DOM,2005,1227.813,254.492,287.323,351.976,53.302,280.721,588.515,639.299,
Dominican Republic,DOM,2006,1291.716,259.272,289.998,370.898,58.469,313.08,630.82,660.896,
Dominican Republic,DOM,2007,1308.684,272.517,278.19,396.166,52.994,308.817,634.328,674.356,
Dominican Republic,DOM,2008,1386.245,299.89,305.677,423.09,59.095,298.494,657.479,728.767,
Dominican Republic,DOM,2009,1316.684,241.592,288.551,399.795,53.534,333.214,628.339,688.345,
Dominican Republic,DOM,2010,1428.736,282.579,298.317,429.328,57.057,361.455,701.091,727.645,
Dominican Republic,DOM,2011,1530.404,287.58,316.832,481.8,61.676,382.516,731.772,798.632,
Dominican Republic,DOM,2012,1595.904,292.146,311.648,459.186,67.153,465.772,825.071,770.833,
Dominican Republic,DOM,2013,1618.108,301.269,335.521,458.551,70.764,452.004,824.037,794.072,
Dominican Republic,DOM,2014,1674.391,332.852,334.018,541.017,60.354,406.152,799.357,875.034,
Ecuador,ECU,2005,2395.487,707.649,964.91,345.603,129.621,247.705,1084.974,1310.512,
Ecuador,ECU,2006,2488.521,740.648,983.989,322.48,143.827,297.576,1182.052,1306.469,
Ecuador,ECU,2007,2483.643,678.237,969.647,357.506,136.462,341.792,1156.49,1327.152,
Ecuador,ECU,2008,2564.404,715.007,994.505,368.989,136.433,349.47,1200.91,1363.494,
Ecuador,ECU,2009,2576.184,737.782,957.242,335.14,148.888,397.132,1283.803,1292.382,
Ecuador,ECU,2010,2541.837,717.978,946.315,323.484,150.693,403.368,1272.039,1269.799,
Ecuador,ECU,2011,2569.723,705.061,959.411,336.695,158.557,409.999,1273.618,1296.106,
Ecuador,ECU,2012,2678.757,732.165,988.232,359.489,167.982,430.889,1331.035,1347.721,
Ecuador,ECU,2013,2752.142,753.831,1022.444,391.81,152.997,431.061,1337.889,1414.254,
Ecuador,ECU,2014,2774.517,679.392,1012.88,469.822,140.26,472.163,1291.815,1482.702,
Ecuador,ECU,2015,3037.004,720.267,1107.377,580.274,142.529,486.556,1349.353,1687.651,
Ecuador,ECU,2016,3324.852,791.835,1221.122,671.863,154.89,485.143,1431.867,1892.985,
Ecuador,ECU,2017,3439.762,834.051,1236.089,704.794,153.179,511.649,1498.879,1940.883,
Ecuador,ECU,2018,3382.727,805.975,1176.868,686.731,160.89,552.262,1519.128,1863.598,
Ecuador,ECU,2019,3436.528,846.104,1191.12,682.356,172.068,544.88,1563.052,1873.476,
Egypt,EGY,2008,5504.802,1630.473,3413.733,,360.154,80.142,2070.769,3413.733,20.3
Egypt,EGY,2009,5898.33,1716.454,3658.097,,410.335,93.146,2219.936,3658.097,20.297
Egypt,EGY,2010,6003.601,1428.448,3991.546,,396.421,96.58,1921.449,3991.546,90.607
Egypt,EGY,2011,5965.941,1403.176,4018.761,,369.848,102.534,1875.558,4018.761,71.622
Egypt,EGY,2012,6134.774,1427.281,4123.895,,387.011,115.276,1929.568,4123.895,81.311
Egypt,EGY,2013,6450.592,1420.85,4442.823,,374.114,124.335,1919.299,4442.823,88.469
Egypt,EGY,2014,6624.556,1408.972,4555.46,,390.976,138.788,1938.735,4555.46,130.361
Egypt,EGY,2015,6763.255,1909.244,4131.884,,335.794,149.58,2394.617,4131.884,236.755
Egypt,EGY,2016,7016.41,2217.33,4194.851,,381.519,194.301,2793.149,4194.851,28.411
Egypt,EGY,2017,7018.036,2307.061,4077.936,,397.414,203.865,2908.341,4077.936,31.759
Egypt,EGY,2018,6036.678,1791.562,3583.042,,432.544,200.48,2424.586,3583.042,29.05
Spain,ESP,1990,3022.76,,,,,,,2249.62,
Spain,ESP,1991,3076.786,,,,,,,2226.977,
Spain,ESP,1992,3419.696,,,,,,,2212.818,
Spain,ESP,1993,3546.098,,,,,,,2220.188,
Spain,ESP,1994,3679.514,,,,,,,2333.026,
Spain,ESP,1995,3799.774,,,,,,,2339.074,
Spain,ESP,1996,3935.326,,,,,,,2347.296,
Spain,ESP,1997,4053.253,,,,,,,2422.569,
Spain,ESP,1998,4133.884,,,,,,,2453.547,
Spain,ESP,1999,4245.773,,,,,,,2521.182,
Spain,ESP,2000,4434.47,,,,,,,2676.578,
Spain,ESP,2001,4386.35,,,,,,,2612.574,
Spain,ESP,2002,4627.546,,,,,,,2953.246,
Spain,ESP,2003,4914.25,,,,,,,3063.551,
Spain,ESP,2004,5141.704,,,,,,,3207.165,
Spain,ESP,2005,5359.946,,,,,,,3413.621,
Spain,ESP,2006,5617.219,,,,,,,3553.688,
Spain,ESP,2007,5866.265,,,,,,,3666.003,
Spain,ESP,2008,6243.412,,,,,,,3697.362,
Spain,ESP,2009,6492.162,,,,,,,3735.589,
Spain,ESP,2010,6691.684,,,,,,,3713.501,
Spain,ESP,2011,6821.907,,,,,,,3753.806,
Spain,ESP,2012,6883.799,,,,,,,3820.351,
Spain,ESP,2013,6862.28,,,,,,,3806.487,
Spain,ESP,2014,6791.621,,,,,,,3803.8,
Spain,ESP,2015,6787.403,,,,,,,3814.998,
Spain,ESP,2016,6755.189,,,,,,,3853.751,
Spain,ESP,2017,6748.619,,,,,,,3821.014,
Estonia,EST,1997,111.674,,,,,,,216.333,
Estonia,EST,1998,147.867,,,,,,,177.606,
Estonia,EST,1999,148.175,,,,,,,171.023,
Estonia,EST,2000,185.273,,,,,,,144.716,
Estonia,EST,2001,173.983,,,,,,,152.494,
Estonia,EST,2002,166.314,,,,,,,153.421,
Estonia,EST,2003,178.052,,,,,,,148.329,
Estonia,EST,2004,183.443,,,,,,,148.938,
Estonia,EST,2005,181.332,,,,,,,153.056,
Estonia,EST,2006,177.969,,,,,,,163.072,
Estonia,EST,2007,180.099,,,,,,,155.235,
Estonia,EST,2008,182.675,,,,,,,156.539,
Estonia,EST,2009,179.012,,,,,,,158.384,
Estonia,EST,2010,180.63,,,,,,,157.44,
Estonia,EST,2011,187.131,,,,,,,152.696,
Estonia,EST,2012,191.405,,,,,,,144.728,
Estonia,EST,2013,186.758,,,,,,,147.076,
Estonia,EST,2014,186.597,,,,,,,140.533,
Estonia,EST,2015,208.672,,,,,,,124.78,
Estonia,EST,2016,200.306,,,,,,,135.319,
Estonia,EST,2017,202.766,,,,,,,135.989,
Estonia,EST,2018,200.692,,,,,,,139.741,
Ethiopia,ETH,1999,8156.887,1580.955,4936.769,,808.436,824.305,3213.696,4936.769,6.422
Ethiopia,ETH,2005,13053.011,2149.592,8507.724,,1300.573,1080.365,4530.529,8507.724,14.757
Ethiopia,ETH,2013,16857.651,3496.397,10714.331,39.685,1366.819,1240.419,6103.635,10754.016,
Finland,FIN,1995,469.373,,,,,,,675.21,
Finland,FIN,1996,501.431,,,,,,,637.308,
Finland,FIN,1997,488.262,,,,,,,636.345,
Finland,FIN,1998,529.573,,,,,,,641.401,
Finland,FIN,1999,603.449,,,,,,,663.851,
Finland,FIN,2000,619.599,,,,,,,656.757,
Finland,FIN,2001,643.928,,,,,,,641.494,
Finland,FIN,2002,653.703,,,,,,,639.725,
Finland,FIN,2003,648.207,,,,,,,640.008,
Finland,FIN,2004,654.692,,,,,,,627.753,
Finland,FIN,2005,674.042,,,,,,,622.873,
Finland,FIN,2006,681.794,,,,,,,627.521,
Finland,FIN,2007,670.591,,,,,,,624.666,
Finland,FIN,2008,652.86,,,,,,,648.787,
Finland,FIN,2009,655.984,,,,,,,642.921,
Finland,FIN,2010,665.653,,,,,,,619.705,
Finland,FIN,2011,659.351,,,,,,,627.481,
Finland,FIN,2012,678.99,,,,,,,617.688,
Finland,FIN,2013,677.292,,,,,,,614.858,
Finland,FIN,2014,673.676,,,,,,,621.03,
Finland,FIN,2015,807.824,,,,,,,493.488,
Finland,FIN,2016,668.184,,,,,,,621.082,
Finland,FIN,2017,655.121,,,,,,,637.004,
Finland,FIN,2018,692.449,,,,,,,617.31,
Fiji,FJI,2005,99.111,25.999,62.104,,8.167,2.842,37.007,62.104,
Fiji,FJI,2011,130.127,27.053,89.313,,9.549,4.212,40.814,89.313,
Fiji,FJI,2016,115.542,26.993,74.974,,8.365,5.21,40.568,74.974,
France,FRA,1990,4071.743,,,,,,,6501.78,
France,FRA,1991,4182.043,,,,,,,6583.266,
France,FRA,1992,4288.138,,,,,,,6623.974,
France,FRA,1993,4392.23,,,,,,,6706.306,
France,FRA,1994,4454.53,,,,,,,6746.374,
France,FRA,1995,4634.494,,,,,,,6706.123,
France,FRA,1996,4785.073,,,,,,,6706.752,
France,FRA,1997,4912.526,,,,,,,6557.234,
France,FRA,1998,5012.458,,,,,,,6610.578,
France,FRA,1999,5192.884,,,,,,,6560.776,
France,FRA,2000,5369.487,,,,,,,6493.746,
France,FRA,2001,5361.816,,,,,,,6541.906,
France,FRA,2002,5507.629,,,,,,,6506.294,
France,FRA,2003,5756.25,,,,,,,6752.777,
France,FRA,2004,5953.983,,,,,,,6609.797,
France,FRA,2005,6197.998,,,,,,,6614.219,
France,FRA,2006,6448.798,,,,,,,6485.41,
France,FRA,2007,6634.007,,,,,,,6518.19,
France,FRA,2008,6795.453,,,,,,,6482.055,
France,FRA,2009,6909.58,,,,,,,6474.82,
France,FRA,2010,6973.155,,,,,,,6474.635,
France,FRA,2011,7158.307,,,,,,,6325.552,
France,FRA,2012,7287.001,,,,,,,6298.937,
France,FRA,2013,7392.365,,,,,,,6296.997,
France,FRA,2014,7850.633,,,,,,,6278.507,
France,FRA,2015,7881.523,,,,,,,6280.305,
France,FRA,2016,8025.87,,,,,,,6194.624,
France,FRA,2017,8210.912,,,,,,,6047.795,
France,FRA,2018,8444.291,,,,,,,6052.071,
"Micronesia, Federated States of",FSM,2014,16.033,5.653,8.895,,0.874,0.611,7.138,8.895,
United Kingdom,GBR,1990,3787.565,,,,,,,8609.557,
United Kingdom,GBR,1991,3643.44,,,,,,,8725.202,
United Kingdom,GBR,1992,4968.634,,,,,,,7425.126,
United Kingdom,GBR,1993,4973.052,,,,,,,7466.52,
United Kingdom,GBR,1994,5073.793,,,,,,,7391.402,
United Kingdom,GBR,1995,5119.137,,,,,,,7315.359,
United Kingdom,GBR,1996,5337.036,,,,,,,7283.507,
United Kingdom,GBR,1997,5555.662,,,,,,,7207.907,
United Kingdom,GBR,1998,5622.247,,,,,,,7186.478,
United Kingdom,GBR,1999,5825.702,,,,,,,7159.658,
United Kingdom,GBR,2000,5947.184,,,,,,,7189.606,
United Kingdom,GBR,2001,6150.309,,,,,,,7039.746,
United Kingdom,GBR,2002,6357.145,,,,,,,7034.106,
United Kingdom,GBR,2003,6447.504,,,,,,,7005.687,
United Kingdom,GBR,2004,6588.487,,,,,,,7047.731,
United Kingdom,GBR,2005,6813.536,,,,,,,7001.717,
United Kingdom,GBR,2006,7027.107,,,,,,,7093.236,
United Kingdom,GBR,2007,7144.92,,,,,,,7000.766,
United Kingdom,GBR,2008,7271.94,,,,,,,7143.571,
United Kingdom,GBR,2009,7342.016,,,,,,,7217.766,
United Kingdom,GBR,2010,7464.354,,,,,,,7198.169,
United Kingdom,GBR,2011,7653.899,,,,,,,7150.455,
United Kingdom,GBR,2012,7742.415,,,,,,,7205.597,
United Kingdom,GBR,2013,7844.298,,,,,,,7272.917,
United Kingdom,GBR,2014,8052.356,,,,,,,7233.99,
United Kingdom,GBR,2015,9471.515,,,,,,,5954.847,
United Kingdom,GBR,2016,8107.861,,,,,,,7477.866,
United Kingdom,GBR,2017,8225.128,,,,,,,7508.158,
United Kingdom,GBR,2018,8339.325,,,,,,,7539.104,
Georgia,GEO,2017,936.71,151.426,579.357,20.182,141.183,44.562,337.171,599.539,
Georgia,GEO,2018,904.646,145.877,559.02,14.315,139.441,45.992,331.31,573.336,
Georgia,GEO,2009,934.545,172.948,580.087,,,44.01,216.958,580.087,137.5
Georgia,GEO,2010,943.027,176.664,587.107,,134.375,44.88,355.92,587.107,
Georgia,GEO,2011,951.715,179.793,589.874,,137.482,44.566,361.841,589.874,
Georgia,GEO,2012,961.72,167.329,595.691,,143.166,55.534,366.029,595.691,
Georgia,GEO,2013,926.083,144.339,586.226,,143.233,52.284,339.857,586.226,
Georgia,GEO,2014,937.967,154.157,590.594,,143.188,50.029,347.373,590.594,
Georgia,GEO,2015,956.15,155.942,600.146,,146.812,53.251,356.004,600.146,
Georgia,GEO,2016,931.007,148.556,590.213,,143.082,49.156,340.794,590.213,
Ghana,GHA,2015,5052.972,954.739,2565.976,516.107,525.475,490.675,1970.889,3082.083,
Ghana,GHA,2006,4948.401,709.601,2716.564,548.971,418.847,553.74,1682.189,3265.535,
Ghana,GHA,2013,6408.084,1294.609,3325.007,577.899,579.482,630.996,2505.086,3902.906,
Ghana,GHA,2017,5170.207,1117.596,2472.631,546.018,484.671,549.29,2151.557,3018.649,
Guinea,GIN,2002,408.202,,,,,,,1319.256,
Gambia,GMB,2012,273.536,51.303,186.738,,13.827,6.892,72.021,186.738,14.777
Gambia,GMB,2018,180.731,39.321,120.404,0.186,,20.82,60.141,120.589,
Greece,GRC,1990,482.023,,,,,,,999.754,
Greece,GRC,1991,484.358,,,,,,,921.106,
Greece,GRC,1992,490.477,,,,,,,978.833,
Greece,GRC,1993,502.972,,,,,,,1000.733,
Greece,GRC,1994,517.738,,,,,,,1030.537,
Greece,GRC,1995,544.001,,,,,,,1046.164,
Greece,GRC,1996,573.382,,,,,,,1083.006,
Greece,GRC,1997,584.022,,,,,,,1076.976,
Greece,GRC,1998,611.047,,,,,,,1146.489,
Greece,GRC,1999,657.623,,,,,,,1159.066,
Greece,GRC,2000,678.516,,,,,,,1153.844,
Greece,GRC,2001,718.186,,,,,,,1140.378,
Greece,GRC,2002,704.06,,,,,,,1188.048,
Greece,GRC,2003,734.655,,,,,,,1198.38,
Greece,GRC,2004,726.279,,,,,,,1281.047,
Greece,GRC,2005,760.915,,,,,,,1261.132,
Greece,GRC,2006,787.811,,,,,,,1258.904,
Greece,GRC,2007,788.366,,,,,,,1263.109,
Greece,GRC,2008,785.35,,,,,,,1275.641,
Greece,GRC,2009,798.767,,,,,,,1315.743,
Greece,GRC,2010,799.74,,,,,,,1338.739,
Greece,GRC,2011,811.782,,,,,,,1308.393,
Greece,GRC,2012,826.473,,,,,,,1300.143,
Greece,GRC,2013,835.173,,,,,,,1273.829,
Greece,GRC,2014,849.558,,,,,,,1270.058,
Greece,GRC,2015,1498.15,,,,,,,644.343,
Greece,GRC,2016,823.613,,,,,,,1324.053,
Greece,GRC,2017,816.182,,,,,,,1310.009,
Greece,GRC,2018,796.084,,,,,,,1302.205,
Guatemala,GTM,2003,1690.549,580.666,631.128,259.341,94.836,124.578,800.08,890.469,
Guatemala,GTM,2004,1614.508,503.735,591.35,252.801,121.55,145.073,770.358,844.151,
Guatemala,GTM,2010,1965.045,576.285,645.28,372.849,144.556,226.075,946.916,1018.129,
Guatemala,GTM,2011,1885.735,674.79,587.507,251.441,126.377,245.081,1046.248,838.948,
Guatemala,GTM,2012,2306.053,741.883,770.016,373.327,169.743,251.084,1162.71,1143.343,
Guatemala,GTM,2013,2118.653,736.579,682.317,305.651,146.422,247.685,1130.686,987.968,
Guatemala,GTM,2014,2206.465,687.214,739.206,325.779,164.343,287.876,1139.432,1064.985,
Guatemala,GTM,2015,2150.86,647.229,665.406,335.328,154.191,348.057,1149.476,1000.734,
Guatemala,GTM,2016,2321.193,729.805,685.785,390.142,150.4,365.062,1245.267,1075.926,
Guatemala,GTM,2017,2327.822,687.298,728.142,357.259,183.478,371.645,1242.421,1085.401,
Guatemala,GTM,2006,1955.621,612.984,331.687,664.48,134.387,212.084,959.455,996.167,
Guyana,GUY,2018,118.43,50.24,32.705,21.249,5.241,8.996,64.476,53.954,
Honduras,HND,2005,970.057,408.21,245.698,216.737,46.32,53.092,507.622,462.435,
Honduras,HND,2006,946.049,362.792,245.649,201.338,54.755,81.515,499.062,446.987,
Honduras,HND,2007,958.924,401.553,246.531,202.332,51.095,57.412,510.06,448.864,
Honduras,HND,2008,1050.113,467.287,259.516,220.388,51.978,50.944,570.209,479.904,
Honduras,HND,2009,1117.296,460.06,284.788,234.986,62.428,75.035,597.523,519.774,
Honduras,HND,2010,1193.269,512.075,297.686,264.639,68.526,50.343,630.945,562.325,
Honduras,HND,2011,1160.844,527.399,272.802,247.253,64.477,48.912,640.789,520.055,
Honduras,HND,2012,1144.18,531.86,254.496,240.165,63.019,54.64,649.519,494.661,
Honduras,HND,2013,1329.73,592.917,316.162,271.503,76.416,72.731,742.065,587.666,
Honduras,HND,2014,1400.565,634.105,308.034,324.863,63.867,69.697,767.668,632.897,
Honduras,HND,2015,1475.657,685.554,330.68,329.192,64.092,66.138,815.785,659.872,
Honduras,HND,2016,1503.748,698.592,337.157,339.579,67.21,61.21,827.012,676.736,
Honduras,HND,2017,1515.463,710.256,312.149,373.471,69.093,50.495,829.844,685.619,
Honduras,HND,2018,1674.821,751.263,360.68,415.707,80.078,67.093,898.435,776.386,
Honduras,HND,2019,1564.279,720.877,361.237,357.226,66.113,58.826,845.816,718.463,
Croatia,HRV,2002,240.798,,,,,,,575.461,
Croatia,HRV,2003,250.889,,,,,,,555.055,
Croatia,HRV,2004,261.646,,,,,,,569.174,
Croatia,HRV,2005,254.94,,,,,,,564.38,
Croatia,HRV,2006,256.597,,,,,,,566.029,
Croatia,HRV,2007,275.013,,,,,,,586.602,
Croatia,HRV,2008,277.762,,,,,,,595.135,
Croatia,HRV,2009,279.673,,,,,,,611.048,
Croatia,HRV,2010,289.835,,,,,,,588.29,
Croatia,HRV,2011,287.241,,,,,,,560.273,
Croatia,HRV,2012,289.318,,,,,,,555.455,
Croatia,HRV,2013,291.061,,,,,,,553.548,
Croatia,HRV,2014,273.578,,,,,,,603.745,
Croatia,HRV,2015,675.093,,,,,,,203.912,
Croatia,HRV,2016,277.335,,,,,,,569.204,
Croatia,HRV,2017,282.983,,,,,,,561.504,
Croatia,HRV,2018,272.973,,,,,,,566.306,
Haiti,HTI,2012,1982.964,476.17,1024.463,136.905,164.199,181.081,821.451,1161.368,
Hungary,HUN,1996,622.414,,,,,,,1134.686,
Hungary,HUN,1997,617.728,,,,,,,1099.346,
Hungary,HUN,1998,654.286,,,,,,,1124.216,
Hungary,HUN,1999,690.554,,,,,,,1125.676,
Hungary,HUN,2000,692.327,,,,,,,1127.976,
Hungary,HUN,2001,699.413,,,,,,,1138.114,
Hungary,HUN,2002,739.125,,,,,,,1111.533,
Hungary,HUN,2003,772.323,,,,,,,1123.207,
Hungary,HUN,2004,769.092,,,,,,,1118.163,
Hungary,HUN,2005,808.76,,,,,,,1119.835,
Hungary,HUN,2006,822.209,,,,,,,1121.317,
Hungary,HUN,2007,831.149,,,,,,,1090.145,
Hungary,HUN,2008,844.71,,,,,,,1062.638,
Hungary,HUN,2009,859.974,,,,,,,1048.638,
Hungary,HUN,2010,903.457,,,,,,,1044.056,
Hungary,HUN,2011,925.231,,,,,,,1027.25,
Hungary,HUN,2012,973.884,,,,,,,1015.59,
Hungary,HUN,2013,993.994,,,,,,,996.814,
Hungary,HUN,2014,1019.004,,,,,,,1022.939,
Hungary,HUN,2015,1445.698,,,,,,,627.25,
Hungary,HUN,2016,1029.829,,,,,,,1066.387,
Hungary,HUN,2017,1043.917,,,,,,,1056.153,
Hungary,HUN,2018,1050.535,,,,,,,1056.731,
Indonesia,IDN,1996,33989.405,7462.067,21910.551,,3262.676,1354.111,12078.854,21910.551,
Indonesia,IDN,1997,34337.582,7531.57,22184.877,,3301.201,1319.934,12152.705,22184.877,
Indonesia,IDN,1998,35973.321,7614.62,23642.934,,3367.099,1348.668,12330.387,23642.934,
Indonesia,IDN,1999,36414.298,7765.552,23828.241,,3396.938,1423.567,12586.057,23828.241,
Indonesia,IDN,2000,36871.239,7881.62,23955.829,,3548.379,1485.411,12915.41,23955.829,
Indonesia,IDN,2001,36356.608,7335.529,24323.153,,3288.738,1409.188,12033.455,24323.153,
Indonesia,IDN,2002,35880.859,7330.115,23906.787,,3316.9,1327.057,11974.072,23906.787,
Indonesia,IDN,2003,36329.245,7565.67,24018.651,,3371.996,1372.928,12310.594,24018.651,
Indonesia,IDN,2004,36489.156,7829.46,24097.409,,3286.867,1275.42,12391.747,24097.409,
Indonesia,IDN,2005,36158.622,8251.705,23259.315,,3263.23,1384.372,12899.307,23259.315,
Indonesia,IDN,2006,36906.714,8577.949,23712.826,,3257.052,1358.887,13193.888,23712.826,
Indonesia,IDN,2007,40826.554,8157.405,27903.796,,3414.955,1350.398,12922.758,27903.796,
Indonesia,IDN,2008,42081.006,7836.762,29203.274,,3634.41,1406.561,12877.732,29203.274,
Indonesia,IDN,2009,42707.07,8169.223,29321.712,,3792.04,1424.095,13385.358,29321.712,
Indonesia,IDN,2010,43896.182,8293.367,30288.843,,3794.601,1519.372,13607.339,30288.843,
Indonesia,IDN,2011,44152.145,7683.082,31153.773,,3739.921,1575.369,12998.372,31153.773,
Indonesia,IDN,2012,45487.772,7971.822,32018.597,,3932.43,1564.924,13469.175,32018.597,
Indonesia,IDN,2013,45497.608,8094.336,32002.266,,3873.845,1527.161,13495.342,32002.266,
Indonesia,IDN,2014,46190.981,7932.61,32646.203,,4035.987,1576.183,13544.779,32646.203,
Indonesia,IDN,2015,47133.199,8257.018,32902.403,,4107.962,1865.817,14230.796,32902.403,
Indonesia,IDN,2016,48057.295,8323.798,33566.703,,4263.166,1903.63,14490.593,33566.703,
Indonesia,IDN,2017,49821.522,8325.342,34960.765,,4616.949,1918.468,14860.758,34960.765,
Indonesia,IDN,2018,51691.7,8846.618,36048.521,,4823.355,1973.206,15643.179,36048.521,
Indonesia,IDN,2019,53320.807,9336.582,36799.279,,5125.987,2058.961,16521.529,36799.279,
India,IND,2018,81904.57,9517.102,60012.388,,11123.206,1251.875,21892.182,60012.388,
India,IND,1994,74933.552,8652.072,55445.011,,9736.82,1092.895,19481.786,55445.011,6.756
India,IND,2000,88654.72,10207.71,66889.115,,10010.524,1534.166,21752.4,66889.115,13.204
India,IND,2005,102398.265,12311.349,76419.577,,12108.529,1546.313,25966.191,76419.577,
India,IND,2010,90900.427,11018.288,65937.368,,12740.235,1194.469,24952.991,65937.368,10.068
India,IND,2012,87818.535,11161.344,63174.144,,12251.14,1227.512,24639.996,63174.144,
Ireland,IRL,1990,247.095,,,,,,,210.103,
Ireland,IRL,1991,246.159,,,,,,,222.505,
Ireland,IRL,1992,246.165,,,,,,,241.296,
Ireland,IRL,1993,251.978,,,,,,,255.988,
Ireland,IRL,1994,258.688,,,,,,,272.276,
Ireland,IRL,1995,264.545,,,,,,,279.517,
Ireland,IRL,1996,283.028,,,,,,,292.387,
Ireland,IRL,1997,301.395,,,,,,,299.063,
Ireland,IRL,1998,329.496,,,,,,,310.878,
Ireland,IRL,1999,352.266,,,,,,,326.907,
Ireland,IRL,2000,373.667,,,,,,,335.406,
Ireland,IRL,2001,384.043,,,,,,,344.661,
Ireland,IRL,2002,405.905,,,,,,,358.901,
Ireland,IRL,2003,414.457,,,,,,,369.389,
Ireland,IRL,2004,414.02,,,,,,,387.701,
Ireland,IRL,2005,442.423,,,,,,,409.023,
Ireland,IRL,2006,464.546,,,,,,,426.431,
Ireland,IRL,2007,552.053,,,,,,,453.573,
Ireland,IRL,2008,547.603,,,,,,,478.056,
Ireland,IRL,2009,535.065,,,,,,,486.646,
Ireland,IRL,2010,516.37,,,,,,,492.765,
Ireland,IRL,2011,504.37,,,,,,,501.145,
Ireland,IRL,2012,506.035,,,,,,,499.948,
Ireland,IRL,2013,512.246,,,,,,,507.613,
Ireland,IRL,2014,515.249,,,,,,,507.356,
Ireland,IRL,2015,586.078,,,,,,,384.676,
Ireland,IRL,2016,538.006,,,,,,,521.6,
Ireland,IRL,2017,542.466,,,,,,,532.847,
Ireland,IRL,2018,541.683,,,,,,,557.119,
"Iran, Islamic Republic of",IRN,2017,5204.293,1673.524,3094.008,182.875,,253.886,1927.41,3276.883,
"Iran, Islamic Republic of",IRN,2018,5327.788,1569.731,3327.589,179.835,,250.559,1820.29,3507.424,
Iraq,IRQ,2007,1126.721,403.809,614.59,,83.019,25.304,512.132,614.59,
Iraq,IRQ,2012,1228.367,327.935,771.434,,85.521,43.476,456.933,771.434,
Iceland,ISL,1995,33.068,,,,,,,36.087,
Iceland,ISL,1996,32.649,,,,,,,34.857,
Iceland,ISL,1997,34.001,,,,,,,32.902,
Iceland,ISL,1998,34.938,,,,,,,34.312,
Iceland,ISL,1999,36.5,,,,,,,35.781,
Iceland,ISL,2000,38.514,,,,,,,36.649,
Iceland,ISL,2001,37.789,,,,,,,36.357,
Iceland,ISL,2002,36.365,,,,,,,37.848,
Iceland,ISL,2003,41.359,,,,,,,35.056,
Iceland,ISL,2004,40.486,,,,,,,35.139,
Iceland,ISL,2005,39.52,,,,,,,36.788,
Iceland,ISL,2006,40.736,,,,,,,37.876,
Iceland,ISL,2007,43.321,,,,,,,37.869,
Iceland,ISL,2008,44.289,,,,,,,37.487,
Iceland,ISL,2009,43.911,,,,,,,39.058,
Iceland,ISL,2010,44.511,,,,,,,40.061,
Iceland,ISL,2011,44.071,,,,,,,39.562,
Iceland,ISL,2012,43.957,,,,,,,40.035,
Iceland,ISL,2013,46.091,,,,,,,40.024,
Iceland,ISL,2014,48.118,,,,,,,39.947,
Iceland,ISL,2015,49.608,,,,,,,40.569,
Iceland,ISL,2016,49.536,,,,,,,41.236,
Iceland,ISL,2017,50.344,,,,,,,41.439,
Iceland,ISL,2018,50.263,,,,,,,42.516,
Israel,ISR,2012,1683.479,453.661,1049.94,,37.45,142.427,633.538,1049.94,
Israel,ISR,2013,1719.175,464.584,1067.004,,39.568,148.019,652.171,1067.004,
Israel,ISR,2014,1777.015,475.625,1112.098,,38.984,150.309,664.918,1112.098,
Israel,ISR,2015,1810.523,480.791,1141.316,,38.817,149.599,669.207,1141.316,
Israel,ISR,2016,1853.84,488.275,1166.811,,39.11,159.644,687.029,1166.811,
Israel,ISR,2017,1883.557,502.469,1182.084,,34.912,164.092,701.473,1182.084,
Italy,ITA,1990,3427.593,,,,,,,5174.706,
Italy,ITA,1991,3572.153,,,,,,,5294.571,
Italy,ITA,1992,3317.838,,,,,,,5041.836,
Italy,ITA,1993,3223.198,,,,,,,5058.597,
Italy,ITA,1994,3203.266,,,,,,,5118.249,
Italy,ITA,1995,3234.589,,,,,,,5137.438,
Italy,ITA,1996,3340.484,,,,,,,5176.887,
Italy,ITA,1997,3397.136,,,,,,,5208.789,
Italy,ITA,1998,3464.324,,,,,,,5291.043,
Italy,ITA,1999,3558.404,,,,,,,5397.51,
Italy,ITA,2000,3631.803,,,,,,,5420.751,
Italy,ITA,2001,3736.101,,,,,,,5479.961,
Italy,ITA,2002,3774.082,,,,,,,5608.162,
Italy,ITA,2003,3797.396,,,,,,,5729.408,
Italy,ITA,2004,4109.819,,,,,,,5700.031,
Italy,ITA,2005,4159.724,,,,,,,5629.893,
Italy,ITA,2006,4145.189,,,,,,,5723.091,
Italy,ITA,2007,4135.579,,,,,,,5719.908,
Italy,ITA,2008,4302.31,,,,,,,5828.391,
Italy,ITA,2009,4308.31,,,,,,,5779.591,
Italy,ITA,2010,4356.598,,,,,,,5767.403,
Italy,ITA,2011,4473.523,,,,,,,5761.388,
Italy,ITA,2012,4791.917,,,,,,,5837.494,
Italy,ITA,2013,4867.436,,,,,,,5803.011,
Italy,ITA,2014,4798.925,,,,,,,6028.758,
Italy,ITA,2015,7273.064,,,,,,,3470.945,
Italy,ITA,2016,4947.985,,,,,,,5971.591,
Italy,ITA,2017,5064.347,,,,,,,5976.986,
Italy,ITA,2018,5162.112,,,,,,,5909.758,
Jordan,JOR,2017,533.462,247.149,259.474,,8.399,18.441,273.989,259.474,
Jordan,JOR,2018,463.681,213.35,227.818,,11.035,11.479,235.863,227.818,
Jordan,JOR,2019,431.829,202.352,208.363,,8.199,12.916,223.466,208.363,
Kenya,KEN,1999,6164.759,1325.978,4036.419,,387.793,412.731,2126.502,4036.419,
Kenya,KEN,2006,5783.247,1330.477,3415.195,34.925,674.2,315.538,2320.216,3450.12,12.911
Kenya,KEN,2016,9773.23,1833.558,6110.821,50.433,1107.206,671.212,3611.975,6161.254,
Cambodia,KHM,2012,3438.658,1118.307,1916.962,10.393,277.831,115.166,1511.304,1927.354,
Cambodia,KHM,2007,3488.373,1052.198,1897.076,,390.118,118.432,1560.748,1897.076,30.55
Cambodia,KHM,2009,3861.374,1110.387,2215.58,,410.531,124.875,1645.794,2215.58,
Cambodia,KHM,2010,4036.489,1144.888,2263.577,,465.827,162.197,1772.912,2263.577,
Cambodia,KHM,2011,4135.455,1257.213,2297.221,,434.817,146.205,1838.234,2297.221,
Cambodia,KHM,2013,4065.826,1117.818,2428.424,,404.178,115.406,1637.402,2428.424,
Cambodia,KHM,2014,4120.446,1218.004,2354.307,,426.172,121.964,1766.139,2354.307,
Cambodia,KHM,2015,4172.305,1158.32,2458.874,,448.838,106.273,1713.431,2458.874,
Cambodia,KHM,2016,4366.138,1162.893,2589.177,,476.47,137.597,1776.961,2589.177,
Cambodia,KHM,2017,4454.815,1241.78,2585.64,,483.395,144,1869.175,2585.64,
Kiribati,KIR,2015,12.543,1.576,9.583,,0.894,0.453,2.923,9.583,0.037
"Korea, Republic of",KOR,2015,11546.934,2888.731,7120.362,,880.89,656.951,4426.571,7120.362,
"Korea, Republic of",KOR,2016,11691.793,3006.806,7130.145,,873.695,681.147,4561.649,7130.145,
"Korea, Republic of",KOR,2017,11884.986,3065.253,7207.175,,898.526,714.031,4677.81,7207.175,
"Korea, Republic of",KOR,2018,11977.482,3143.473,7217.799,,900.808,715.402,4759.683,7217.799,
"Korea, Republic of",KOR,2019,12179.716,3186.89,7269.338,,977.557,745.931,4910.378,7269.338,
Kosovo,KOS,2012,109.48,38.977,66.038,,3.701,0.765,43.443,66.038,
Kosovo,KOS,2019,127.69,53.568,69.577,,3.902,0.643,58.113,69.577,
Lao People's Democratic Republic,LAO,2010,1512.321,288.194,1113.614,7.353,59.305,43.763,391.262,1120.967,0.093
Lao People's Democratic Republic,LAO,2017,887.851,170.255,651.497,3.019,33.118,29.962,233.335,654.516,
Lebanon,LBN,2019,566.279,289.845,229.111,,20.797,26.527,337.169,229.111,
Liberia,LBR,2010,553.963,117.888,281.218,97.413,37.015,20.429,175.332,378.631,
Liberia,LBR,2014,832.828,220.97,348.872,145.748,60.085,56.49,337.544,494.619,0.664
Liberia,LBR,2015,832.828,220.97,348.872,145.748,60.085,56.49,337.544,494.619,0.664
Liberia,LBR,2016,899.237,240.549,358.828,187.39,61.477,50.826,352.851,546.219,0.167
Liberia,LBR,2012,362.532,223.382,62.759,70.075,,5.027,229.698,132.834,
Sri Lanka,LKA,2010,2775.756,605.008,1865.147,,238.52,67.081,910.608,1865.147,
Sri Lanka,LKA,2011,2718.013,569.612,1832.412,,245.976,70.013,885.602,1832.412,
Sri Lanka,LKA,2013,2838.623,571.018,1935.135,,252.567,79.903,903.488,1935.135,
Sri Lanka,LKA,2014,2800.767,546.794,1933.82,,235.125,85.028,866.947,1933.82,
Sri Lanka,LKA,2015,2949.376,585.3,2050.9,,240.586,72.59,898.476,2050.9,
Sri Lanka,LKA,2016,2999.295,571.679,2057.689,,265.519,104.408,941.606,2057.689,
Sri Lanka,LKA,2017,3123.819,577.865,2173.693,,273.937,98.324,950.126,2173.693,
Sri Lanka,LKA,2018,2915.468,538.562,2022.135,,259.841,94.929,893.332,2022.135,
Lithuania,LTU,1998,254.525,,,,,,,559.742,
Lithuania,LTU,1999,260.327,,,,,,,578.609,
Lithuania,LTU,2000,266.521,,,,,,,569.396,
Lithuania,LTU,2001,246.571,,,,,,,568.384,
Lithuania,LTU,2002,264.62,,,,,,,538.056,
Lithuania,LTU,2003,282.505,,,,,,,561.292,
Lithuania,LTU,2004,252.396,,,,,,,531.586,
Lithuania,LTU,2005,253.785,,,,,,,514.503,
Lithuania,LTU,2006,253.156,,,,,,,497.773,
Lithuania,LTU,2007,251.391,,,,,,,496.269,
Lithuania,LTU,2008,287.602,,,,,,,461.461,
Lithuania,LTU,2009,298.714,,,,,,,469.336,
Lithuania,LTU,2010,285.757,,,,,,,482.693,
Lithuania,LTU,2011,270.816,,,,,,,475.307,
Lithuania,LTU,2012,278.119,,,,,,,466.166,
Lithuania,LTU,2013,284.521,,,,,,,449.023,
Lithuania,LTU,2014,293.258,,,,,,,446.893,
Lithuania,LTU,2015,601.856,,,,,,,139.487,
Lithuania,LTU,2016,300.739,,,,,,,447.411,
Lithuania,LTU,2017,296.129,,,,,,,440.569,
Lithuania,LTU,2018,291.797,,,,,,,443.703,
Luxembourg,LUX,1990,28.603,,,,,,,26.757,
Luxembourg,LUX,1991,28.212,,,,,,,30.019,
Luxembourg,LUX,1992,29.453,,,,,,,33.117,
Luxembourg,LUX,1993,27.335,,,,,,,34.074,
Luxembourg,LUX,1994,27.28,,,,,,,36.142,
Luxembourg,LUX,1995,22.901,,,,,,,37.221,
Luxembourg,LUX,1996,28.181,,,,,,,34.927,
Luxembourg,LUX,1997,27.413,,,,,,,38.202,
Luxembourg,LUX,1998,27.106,,,,,,,39.581,
Luxembourg,LUX,1999,29.562,,,,,,,42.131,
Luxembourg,LUX,2000,28.827,,,,,,,44.88,
Luxembourg,LUX,2001,26.997,,,,,,,48.757,
Luxembourg,LUX,2002,28.522,,,,,,,50.014,
Luxembourg,LUX,2003,34.696,,,,,,,44.969,
Luxembourg,LUX,2004,35.653,,,,,,,47.603,
Luxembourg,LUX,2005,37.175,,,,,,,48.848,
Luxembourg,LUX,2006,43.857,,,,,,,46.11,
Luxembourg,LUX,2007,44.942,,,,,,,48.637,
Luxembourg,LUX,2008,39.889,,,,,,,52.553,
Luxembourg,LUX,2009,43.608,,,,,,,56.555,
Luxembourg,LUX,2010,42.192,,,,,,,59.495,
Luxembourg,LUX,2011,44.618,,,,,,,60.23,
Luxembourg,LUX,2012,45.717,,,,,,,65.621,
Luxembourg,LUX,2013,46.99,,,,,,,67.571,
Luxembourg,LUX,2014,51.288,,,,,,,67.817,
Luxembourg,LUX,2015,85.641,,,,,,,40.562,
Luxembourg,LUX,2016,52.783,,,,,,,75.1,
Luxembourg,LUX,2017,53.886,,,,,,,77.913,
Luxembourg,LUX,2018,58.087,,,,,,,77.907,
Latvia,LVA,1998,234.095,,,,,,,321.28,
Latvia,LVA,1999,225.185,,,,,,,312.11,
Latvia,LVA,2000,221.771,,,,,,,305.501,
Latvia,LVA,2001,223.416,,,,,,,308.62,
Latvia,LVA,2002,247.553,,,,,,,294.111,
Latvia,LVA,2003,244.868,,,,,,,290.652,
Latvia,LVA,2004,246.577,,,,,,,285.65,
Latvia,LVA,2005,251.231,,,,,,,277.08,
Latvia,LVA,2006,257.869,,,,,,,283.847,
Latvia,LVA,2007,269.526,,,,,,,278.242,
Latvia,LVA,2008,261.209,,,,,,,302.212,
Latvia,LVA,2009,253.657,,,,,,,297.809,
Latvia,LVA,2010,254.575,,,,,,,280.797,
Latvia,LVA,2011,244.188,,,,,,,272.529,
Latvia,LVA,2012,252.234,,,,,,,267.647,
Latvia,LVA,2013,251.529,,,,,,,258.586,
Latvia,LVA,2014,243.248,,,,,,,251.468,
Latvia,LVA,2015,353.55,,,,,,,141.28,
Latvia,LVA,2016,244.868,,,,,,,251.922,
Latvia,LVA,2017,240.632,,,,,,,250.621,
Latvia,LVA,2018,236.073,,,,,,,255.907,
"Moldova, Republic of",MDA,2018,407.938,41.679,277.262,15.089,29.637,44.27,115.586,292.351,
Madagascar,MDG,2012,5097.439,1043.511,2857.321,414.465,264.137,518.004,1825.653,3271.786,
Madagascar,MDG,2015,5477.404,1045.226,3181.837,252.459,438.806,559.077,2043.109,3434.295,
Maldives,MDV,2009,43.552,9.762,28.162,,1.183,4.244,15.189,28.162,0.201
Maldives,MDV,2016,59.047,11.447,39.799,,1.28,5.101,17.828,39.799,1.42
Mexico,MEX,2002,13983.214,5280.624,5676.286,1019.448,781.82,1224.626,7287.07,6695.734,0.411
Mexico,MEX,2003,14446.345,5384.306,5835.011,1080.768,845.248,1300.78,7530.334,6915.779,
Mexico,MEX,2004,15191.032,5489.305,6131.358,1271.329,874.892,1423.961,7788.158,7402.687,0.187
Mexico,MEX,2005,16016.759,5769.931,6473.861,1425.225,868.801,1477.97,8116.702,7899.086,0.972
Mexico,MEX,2006,16792.281,6030.141,6844.996,1549.271,850.291,1516.019,8396.451,8394.267,1.563
Mexico,MEX,2007,17290.494,6146.256,6978.559,1699.415,886.25,1577.614,8610.119,8677.975,
Mexico,MEX,2008,17509.227,6159.393,6955.778,1822.884,927.176,1643.204,8729.773,8778.662,0.792
Mexico,MEX,2009,18076.265,6262.31,7180.953,1944.65,929.837,1758.045,8950.191,9125.603,0.472
Mexico,MEX,2010,18260.877,6391.891,7085.386,2086.567,915,1781.003,9087.894,9171.953,1.031
Mexico,MEX,2011,18713.02,6475.715,7210.546,2242.712,945.5,1838.203,9259.418,9453.258,0.345
Mexico,MEX,2012,19536.393,6718.96,7488.445,2413.406,1011.888,1902.182,9633.03,9901.851,1.512
Mexico,MEX,2013,19810.856,6783.619,7597.413,2563.272,980.898,1884.739,9649.255,10160.685,0.916
Mexico,MEX,2014,19630.308,6586.488,7508.799,2651.954,952.368,1929.665,9468.52,10160.753,1.035
Mexico,MEX,2015,20123.424,6708.648,7631.166,2735.895,1020.791,2024.034,9753.473,10367.061,2.89
Mexico,MEX,2016,20496.655,6804.121,7617.601,2914.444,1032.285,2127.764,9964.17,10532.045,0.44
Mexico,MEX,2017,20655.972,6879.157,7603.175,3014.598,1020.397,2137.317,10036.871,10617.773,1.328
Mexico,MEX,2018,21298.376,7117.17,7721.515,3189.274,1055.749,2212.673,10385.592,10910.789,1.995
Mexico,MEX,2019,22275.636,7460.903,7863.301,3488.72,1139.03,2322.382,10922.315,11352.021,1.301
North Macedonia,MKD,2006,226.457,32.093,180.554,0.919,7.448,5.443,44.984,181.473,
North Macedonia,MKD,2007,358.212,67.676,269.556,2.275,9.677,9.027,86.381,271.831,
North Macedonia,MKD,2008,356.354,66.47,268.18,2.403,10.489,8.811,85.771,270.583,
North Macedonia,MKD,2009,357.673,67.333,269.718,2.019,9.665,8.939,85.937,271.737,
North Macedonia,MKD,2010,348.134,68.535,257.613,2.99,9.93,9.066,87.531,260.603,
North Macedonia,MKD,2011,369.09,72.027,273.909,3.318,9.849,9.986,91.862,277.227,
North Macedonia,MKD,2012,367.947,77.243,273.343,1.966,6.232,9.163,92.638,275.309,
North Macedonia,MKD,2013,379.563,78.801,281.493,1.921,7.029,10.319,96.149,283.414,
North Macedonia,MKD,2014,377.11,78.784,275.877,3.047,8.457,10.945,98.186,278.924,
North Macedonia,MKD,2015,375.688,74.515,279.876,3.375,8.249,9.674,92.438,283.25,
North Macedonia,MKD,2016,368.199,70.52,279.524,1.587,7.761,8.806,87.087,281.112,
North Macedonia,MKD,2017,370.321,74.375,275.769,2.235,8.323,9.619,92.317,278.004,
North Macedonia,MKD,2018,369.397,72.446,275.16,3.575,8.919,9.298,90.663,278.735,
North Macedonia,MKD,2019,389.678,78.806,287.207,4.417,9.601,9.648,98.055,291.624,
Mali,MLI,2013,2908.33,398.098,2256.204,11.354,213.497,27.195,638.791,2267.558,
Mali,MLI,2014,2780.906,295.681,2260.025,10.476,187.197,27.527,510.405,2270.501,
Mali,MLI,2015,2925.587,407.65,2298.82,13.907,185.693,19.516,612.86,2312.727,
Mali,MLI,2016,2382.938,181.928,2044.559,,138.57,16.793,337.291,2045.647,
Mali,MLI,2017,2927.53,373.647,2377.526,7.571,138.344,30.442,542.433,2385.097,
Mali,MLI,2018,2590.134,254.893,2157.538,,149.666,26.715,431.274,2158.86,
Malta,MLT,2009,30.773,,,,,,,27.488,
Malta,MLT,2010,32.514,,,,,,,27.676,
Malta,MLT,2011,32.98,,,,,,,29.911,
Malta,MLT,2012,36.455,,,,,,,32.712,
Malta,MLT,2013,38.128,,,,,,,35.815,
Malta,MLT,2014,40.934,,,,,,,37.407,
Malta,MLT,2015,43.081,,,,,,,32.839,
Malta,MLT,2016,47.487,,,,,,,39.004,
Malta,MLT,2017,50.784,,,,,,,41.15,
Malta,MLT,2018,55.238,,,,,,,43.389,
Myanmar,MMR,2015,9485.154,3496.108,4841.184,,822.488,325.375,4643.97,4841.184,
Myanmar,MMR,2017,9439.552,3888.747,4601.713,,727.358,221.735,4837.839,4601.713,
Myanmar,MMR,2018,9748.138,3934.054,4787.111,,770.232,256.742,4961.028,4787.111,
Myanmar,MMR,2019,9329.202,3937.37,4485.331,,710.789,195.712,4843.871,4485.331,
Mongolia,MNG,2013,548.857,92.494,364.371,24.719,36.078,31.195,159.767,389.09,
Mongolia,MNG,2014,550.605,75.029,378.434,26.646,40.346,30.15,145.525,405.079,
Mongolia,MNG,2015,570.88,78.986,387.679,30.163,38.659,35.393,153.038,417.842,
Mongolia,MNG,2016,578.058,82.594,388.35,34.059,39.89,33.165,155.649,422.409,
Mongolia,MNG,2017,620.777,86.735,420.766,36.022,40.687,36.566,163.988,456.789,
Mongolia,MNG,2018,612.962,88.654,400.115,43.978,43.205,37.011,168.87,444.092,
Mongolia,MNG,2019,591.853,84.683,377.109,46.51,42.814,40.737,168.234,423.62,
Mozambique,MOZ,2015,5368.1,721.772,655.408,2898.631,596.082,495.681,1813.536,3554.039,
Mauritania,MRT,2012,264.987,41.358,170.233,,18.005,35.391,94.754,170.233,
Mauritania,MRT,2017,323.475,43.594,205,,50.08,24.8,118.475,205,
Mauritius,MUS,2001,160.755,42.247,95.41,,12.443,10.655,65.345,95.41,
Mauritius,MUS,2002,169.873,44.264,102.036,,13.321,10.253,67.838,102.036,
Mauritius,MUS,2003,187.224,42.503,117.08,,14.087,13.555,70.145,117.08,
Mauritius,MUS,2004,183.441,46.406,112.032,,14.167,10.836,71.41,112.032,
Mauritius,MUS,2005,192.646,42.928,124.101,,13.536,12.082,68.545,124.101,
Mauritius,MUS,2006,191.151,43.627,120.54,,13.891,13.094,70.611,120.54,
Mauritius,MUS,2007,188.056,45.116,118.134,,13.332,11.475,69.922,118.134,
Mauritius,MUS,2008,194.427,43.697,125.434,,13.628,11.668,68.993,125.434,
Mauritius,MUS,2009,199.085,42.444,128.507,,14.279,13.855,70.578,128.507,
Mauritius,MUS,2010,207.805,45.625,132.381,,14.774,15.024,75.424,132.381,
Mauritius,MUS,2011,203.729,46.097,130.914,,13.078,13.64,72.815,130.914,
Mauritius,MUS,2012,207.201,48.606,130.785,,12.941,14.87,76.416,130.785,
Mauritius,MUS,2013,218.245,49.436,138.032,,14.826,15.95,80.212,138.032,
Mauritius,MUS,2014,221.515,49.735,138.671,,15.943,17.166,82.844,138.671,
Mauritius,MUS,2015,228.999,56.426,141.677,,14.912,15.984,87.322,141.677,
Mauritius,MUS,2016,225.338,51.282,139.949,,14.405,19.701,85.389,139.949,
Mauritius,MUS,2017,228.683,55.184,140.069,,13.84,19.591,88.614,140.069,
Mauritius,MUS,2018,229.589,58.098,139.908,,13.133,18.451,89.682,139.908,
Mauritius,MUS,2019,235.014,59.608,141.452,,14.238,19.716,93.562,141.452,
Malawi,MWI,2005,2709.168,340.264,1719.725,,318.186,327.572,986.021,1719.725,3.421
Malawi,MWI,2017,2419.035,380.508,1466.18,,221.08,351.266,952.854,1466.18,
Namibia,NAM,2012,366.387,179.567,102.42,47.143,24.494,10.863,214.925,149.563,1.899
Namibia,NAM,2013,429.172,210.829,131.76,41.711,27.717,16.183,254.728,173.471,0.973
Namibia,NAM,2014,427.026,222.03,116.432,50.881,25.675,11.306,259.011,167.312,0.703
Namibia,NAM,2016,424.251,240.033,109.911,44.613,18.749,10.757,269.539,154.524,0.189
Namibia,NAM,2018,445.135,244.632,127.261,37.754,24.577,10.22,279.429,165.015,0.691
Niger,NER,2017,699.456,45.962,544.729,,75.358,32.756,154.076,544.729,
Niger,NER,2011,2851.553,229.178,2317.861,,216.147,88.161,533.486,2317.861,
Niger,NER,2014,2887.387,252.341,2314.605,,252.881,67.561,572.782,2314.605,
Nigeria,NGA,2011,27874.42,3907.724,20005.408,95.584,3170.203,695.503,7773.429,20100.991,
Nigeria,NGA,2013,29726.423,3981.88,21133.452,,3803.622,732.39,8517.892,21193.088,
Nigeria,NGA,2016,26370.96,3144.003,18201.509,,4387.826,618.032,8149.862,18221.098,
Nigeria,NGA,2019,21006.339,3169.964,14276.381,62.892,2640.267,856.835,6667.066,14339.273,
Nicaragua,NIC,2012,1378.738,244.865,379.049,352.199,71.619,330.94,647.424,731.247,0.067
Nicaragua,NIC,2001,684.232,131.797,176.441,152.92,44.16,178.914,354.872,329.361,
Nicaragua,NIC,2005,749.262,155.174,185.251,159.214,42.608,207.015,404.797,344.465,
Nicaragua,NIC,2014,1076.009,164.738,276.42,266.451,44.809,323.591,533.138,542.871,
Netherlands,NLD,1990,1251.138,,,,,,,1402.159,
Netherlands,NLD,1991,1280.573,,,,,,,1448.196,
Netherlands,NLD,1992,1305.707,,,,,,,1522.36,
Netherlands,NLD,1993,1307.733,,,,,,,1569.163,
Netherlands,NLD,1994,1355.863,,,,,,,1612.832,
Netherlands,NLD,1995,1399.172,,,,,,,1620.006,
Netherlands,NLD,1996,1443.013,,,,,,,1653.549,
Netherlands,NLD,1997,1508.979,,,,,,,1691.688,
Netherlands,NLD,1998,1548.036,,,,,,,1724.182,
Netherlands,NLD,1999,1632.927,,,,,,,1762.106,
Netherlands,NLD,2000,1682.652,,,,,,,1804.928,
Netherlands,NLD,2001,1736.372,,,,,,,1847.714,
Netherlands,NLD,2002,1767.203,,,,,,,1894.804,
Netherlands,NLD,2003,1829.302,,,,,,,1893.363,
Netherlands,NLD,2004,1870.603,,,,,,,1901.806,
Netherlands,NLD,2005,1910.031,,,,,,,1791.927,
Netherlands,NLD,2006,1863.92,,,,,,,1887.732,
Netherlands,NLD,2007,1954.456,,,,,,,1900.861,
Netherlands,NLD,2008,1976.013,,,,,,,1961.727,
Netherlands,NLD,2009,2044.33,,,,,,,1949.769,
Netherlands,NLD,2010,1914.325,,,,,,,2095.229,
Netherlands,NLD,2011,1949.589,,,,,,,2085.843,
Netherlands,NLD,2012,1980.642,,,,,,,2118.74,
Netherlands,NLD,2013,2003.209,,,,,,,2123.927,
Netherlands,NLD,2014,2044.492,,,,,,,2047.805,
Netherlands,NLD,2015,2484.99,,,,,,,1650.379,
Netherlands,NLD,2016,2068.536,,,,,,,2096.442,
Netherlands,NLD,2017,2098.014,,,,,,,2108.791,
Netherlands,NLD,2018,2160.076,,,,,,,2101.752,
Norway,NOR,1995,451.98,,,,,,,560.181,
Norway,NOR,1996,487.47,,,,,,,546.154,
Norway,NOR,1997,499.687,,,,,,,561.957,
Norway,NOR,1998,515.808,,,,,,,571.636,
Norway,NOR,1999,521.701,,,,,,,571.414,
Norway,NOR,2000,528.754,,,,,,,570.182,
Norway,NOR,2001,541.303,,,,,,,565.858,
Norway,NOR,2002,553.343,,,,,,,576.042,
Norway,NOR,2003,554.08,,,,,,,562.227,
Norway,NOR,2004,560.748,,,,,,,563.638,
Norway,NOR,2005,562.641,,,,,,,563.053,
Norway,NOR,2006,591.982,,,,,,,557.062,
Norway,NOR,2007,604.557,,,,,,,577.31,
Norway,NOR,2008,634.902,,,,,,,584.979,
Norway,NOR,2009,639.676,,,,,,,582.953,
Norway,NOR,2010,635.609,,,,,,,587.823,
Norway,NOR,2011,654.222,,,,,,,587.443,
Norway,NOR,2012,653.115,,,,,,,603.852,
Norway,NOR,2013,676.527,,,,,,,596.963,
Norway,NOR,2014,682.598,,,,,,,602.547,
Norway,NOR,2015,747.762,,,,,,,550.429,
Norway,NOR,2016,713.181,,,,,,,589.83,
Norway,NOR,2017,727.523,,,,,,,574.956,
Norway,NOR,2018,735.689,,,,,,,577.476,
Nepal,NPL,2008,6412.026,1033.35,4939.08,,389.704,49.893,1472.947,4939.08,
Nepal,NPL,2017,3036.404,422.188,2385.676,,166.551,61.99,650.728,2385.676,
Nauru,NRU,2013,1.803,0.525,0.948,0.11,0.151,0.069,0.744,1.059,
Pakistan,PAK,2006,8344.108,2086.839,5792.628,,395.3,69.342,2551.48,5792.628,
Pakistan,PAK,2007,8712.703,2169.265,6026.569,,424.214,92.655,2686.134,6026.569,
Pakistan,PAK,2008,9167.748,2213.922,6468.362,,419.614,65.849,2699.386,6468.362,
Pakistan,PAK,2009,9915.543,2407.559,6963.665,,468.31,76.008,2951.877,6963.665,
Pakistan,PAK,2010,10543.216,2655.41,7363.302,,442.88,81.623,3179.914,7363.302,
Pakistan,PAK,2011,11305.442,2804.933,7930.579,,498.467,71.464,3374.864,7930.579,
Pakistan,PAK,2013,12131.479,2853.24,8619.178,,571.767,87.294,3512.3,8619.178,
Pakistan,PAK,2014,12574.28,2884.07,8997.22,,605.576,87.413,3577.06,8997.22,
Pakistan,PAK,2015,13319.458,3026.661,9492.083,,695.694,105.02,3827.374,9492.083,
Pakistan,PAK,2018,13411.98,2975.35,9602.74,,704.441,129.449,3809.24,9602.74,
Panama,PAN,2010,575.869,110.41,141.074,176.064,18.655,129.524,258.589,317.138,0.142
Panama,PAN,2011,603.868,117.438,151.758,178.639,18.803,137.165,273.406,330.397,
Panama,PAN,2012,652.423,115.849,168.495,202.19,20.734,145.155,281.738,370.685,
Panama,PAN,2013,675.922,122.95,167.103,220.045,20.697,145.127,288.774,387.148,
Panama,PAN,2014,701.081,130.005,164.527,233.314,22.323,150.912,303.24,397.841,
Panama,PAN,2015,726.918,129.441,183.962,227.074,23.231,163.21,315.882,411.036,
Panama,PAN,2016,744.909,114.435,194.013,240.357,22.711,173.393,310.539,434.37,
Panama,PAN,2017,761.242,134.553,188.302,244.094,23.168,171.125,328.846,432.396,
Panama,PAN,2018,804.784,140.148,188.143,249.447,28.007,199.039,367.194,437.59,
Panama,PAN,2019,850.796,143.108,196.962,271.791,29.797,209.138,382.043,468.753,
Panama,PAN,1997,390.204,135.199,112.75,86.632,11.377,44.246,190.822,199.382,
Panama,PAN,2003,478.712,116.905,120.901,134.43,14.306,92.17,223.381,255.331,
Panama,PAN,2008,548.788,133.563,135.252,170.155,15.027,94.79,243.381,305.407,
Peru,PER,2002,6405.668,2261.019,2028.084,1162.884,368.481,571.41,3200.909,3190.968,13.791
Peru,PER,2003,6475.671,2122.709,2107.164,1257.641,378.949,607.503,3109.161,3364.804,
Peru,PER,2004,6320.113,2083.534,2047.152,1264.265,318.79,605.239,3007.563,3311.416,
Peru,PER,2005,6284.792,2027.871,1981.005,1324.559,313.14,638.218,2979.229,3305.563,
Peru,PER,2006,6567.694,2143.137,2027.31,1410.838,312.313,674.095,3129.546,3438.148,
Peru,PER,2007,6916.309,2144.62,2172.866,1543.312,340.488,715.023,3200.131,3716.177,
Peru,PER,2008,7063.337,2214.545,2111.459,1603.241,351.921,782.172,3348.637,3714.7,
Peru,PER,2009,7198.259,2227.733,2121.472,1684.689,338.044,826.322,3392.099,3806.161,
Peru,PER,2010,7482.552,2275.995,2159.449,1796.568,358.881,891.658,3526.534,3956.017,
Peru,PER,2011,7543.335,2326.328,2213.238,1745.981,341.073,916.715,3584.115,3959.219,
Peru,PER,2012,7765.779,2515.971,2199.541,1793.607,349.055,907.604,3772.63,3993.149,
Peru,PER,2013,7834.56,2464.99,2116.794,1901.967,346.239,1004.571,3815.8,4018.76,
Peru,PER,2014,7829.342,2425.993,2113.248,1871.518,379.477,1039.106,3844.576,3984.766,
Peru,PER,2015,7790.09,2291.148,2076.045,1977.915,354.326,1090.657,3736.13,4053.96,
Peru,PER,2016,8074.022,2297.502,2164.656,2111.402,364.331,1136.13,3797.964,4276.059,
Peru,PER,2017,8201.009,2302.726,2143.081,2168.253,361.493,1225.456,3889.675,4311.334,
Peru,PER,2018,8362.935,2345.148,2097.826,2218.857,381.831,1319.274,4046.253,4316.682,
Peru,PER,2019,8471.89,2389.798,2121.24,2219.73,395.839,1345.283,4130.92,4340.97,
Philippines,PHL,2001,11702.275,3577.241,6817.776,,1039.584,265.078,4881.904,6817.776,
Philippines,PHL,2003,12233.169,3583.201,7311.495,,1059.818,272.467,4915.485,7311.495,6.189
Philippines,PHL,2004,12452.077,3611.448,7518.101,,1003.098,314.548,4929.094,7518.101,4.882
Philippines,PHL,2005,12947.106,3792.78,7821.413,,1009.336,319.274,5121.39,7821.413,4.303
Philippines,PHL,2006,13193.743,3881.904,7984.354,,986.052,337.507,5205.463,7984.354,3.925
Philippines,PHL,2007,13519.9,3988.019,8168.92,,1013.344,344.511,5345.874,8168.92,5.107
Philippines,PHL,2008,13677.328,4070.417,8212.501,,1035.438,354.071,5459.926,8212.501,4.902
Philippines,PHL,2009,14245.923,4186.673,8602.363,,1088.938,360.552,5636.162,8602.363,7.398
Philippines,PHL,2010,14669.339,4305.812,8837.148,,1129.564,386.812,5822.189,8837.148,10.003
Philippines,PHL,2011,15200.724,4514.594,9091.501,,1150.864,434.674,6100.132,9091.501,9.092
Philippines,PHL,2012,15323.263,4543.972,9161.474,,1156.71,448.19,6148.872,9161.474,12.917
Philippines,PHL,2013,15562.645,4599.99,9307.947,,1163.355,478.333,6241.678,9307.947,13.021
Philippines,PHL,2014,15640.337,4658.683,9350.171,,1129.324,493.556,6281.563,9350.171,8.602
Philippines,PHL,2015,15999.525,4756.525,9549.34,,1159.735,516.886,6433.146,9549.34,17.039
Philippines,PHL,2016,16431.047,4426.151,10109.872,,1287.575,595.232,6308.958,10109.872,12.217
Philippines,PHL,2017,15691.177,4234.495,9607.884,,1218.172,611.666,6064.334,9607.884,18.959
Philippines,PHL,2018,16165.148,4305.241,9958.01,,1268.113,622.939,6196.293,9958.01,10.844
Philippines,PHL,2019,16872.175,4466.57,10461.182,,1297.645,640.348,6404.562,10461.182,6.431
Palau,PLW,2014,3.862,1.156,2.226,,0.175,0.135,1.465,2.226,0.171
Palau,PLW,2000,0.99,,,,,,,1.616,
Papua New Guinea,PNG,2010,959.615,166.792,670.373,,50.597,71.853,289.242,670.373,
Poland,POL,1997,2001.06,,,,,,,5747.603,
Poland,POL,1998,2065.717,,,,,,,5726.729,
Poland,POL,1999,2085.618,,,,,,,5717.966,
Poland,POL,2000,2242.314,,,,,,,5768.048,
Poland,POL,2001,2340.013,,,,,,,5749.184,
Poland,POL,2002,2357.891,,,,,,,5592.968,
Poland,POL,2003,2322.9,,,,,,,5467.546,
Poland,POL,2004,2311.447,,,,,,,5402.032,
Poland,POL,2005,2365.261,,,,,,,5433.605,
Poland,POL,2006,2445.802,,,,,,,5209.26,
Poland,POL,2007,2480.622,,,,,,,5145.23,
Poland,POL,2008,2514.276,,,,,,,5179.569,
Poland,POL,2009,2520.452,,,,,,,5303.539,
Poland,POL,2010,2503.006,,,,,,,5173.882,
Poland,POL,2011,2504.276,,,,,,,5212.286,
Poland,POL,2012,2561.798,,,,,,,5227.496,
Poland,POL,2013,2568.869,,,,,,,5223.916,
Poland,POL,2014,2552.345,,,,,,,5282.984,
Poland,POL,2015,6173.059,,,,,,,1646.665,
Poland,POL,2016,2523.566,,,,,,,5222.632,
Poland,POL,2017,2565.812,,,,,,,5170.923,
Poland,POL,2018,2520.503,,,,,,,5182.81,
Portugal,PRT,1990,686.777,,,,,,,1389.793,
Portugal,PRT,1991,679.92,,,,,,,1514.627,
Portugal,PRT,1992,690.218,,,,,,,1403.889,
Portugal,PRT,1993,681.061,,,,,,,1426.414,
Portugal,PRT,1994,693.311,,,,,,,1452.298,
Portugal,PRT,1995,682.878,,,,,,,1455.28,
Portugal,PRT,1996,692.586,,,,,,,1466.343,
Portugal,PRT,1997,739.09,,,,,,,1460.678,
Portugal,PRT,1998,704.879,,,,,,,1593.114,
Portugal,PRT,1999,734.7,,,,,,,1598.555,
Portugal,PRT,2000,715.258,,,,,,,1658.734,
Portugal,PRT,2001,751.892,,,,,,,1675.762,
Portugal,PRT,2002,795.674,,,,,,,1676.907,
Portugal,PRT,2003,792.363,,,,,,,1726.407,
Portugal,PRT,2004,762.287,,,,,,,1743.961,
Portugal,PRT,2005,772.837,,,,,,,1788.861,
Portugal,PRT,2006,781.749,,,,,,,1802.355,
Portugal,PRT,2007,802.944,,,,,,,1812.616,
Portugal,PRT,2008,804.741,,,,,,,1815.854,
Portugal,PRT,2009,814.804,,,,,,,1806.687,
Portugal,PRT,2010,817.532,,,,,,,1825.064,
Portugal,PRT,2011,1051.259,,,,,,,1539.519,
Portugal,PRT,2012,1096.545,,,,,,,1494.6,
Portugal,PRT,2013,1122.407,,,,,,,1437.566,
Portugal,PRT,2014,1106.625,,,,,,,1437.93,
Portugal,PRT,2015,1759.044,,,,,,,778.798,
Portugal,PRT,2016,1133.837,,,,,,,1392.026,
Portugal,PRT,2017,1167.196,,,,,,,1385.732,
Portugal,PRT,2018,1206.238,,,,,,,1365.878,
Paraguay,PRY,1998,720.559,246.114,320.568,97.702,24.514,31.661,302.289,418.27,
Paraguay,PRY,1999,752.222,253.04,340.588,101.326,25.926,31.342,310.308,441.914,
Paraguay,PRY,2001,875.398,300.422,367.2,133.874,34.363,39.539,374.324,501.074,
Paraguay,PRY,2002,882.633,334.004,344.787,139.852,30.976,33.014,397.994,484.639,
Paraguay,PRY,2003,918.636,320.235,380.428,139.084,33.161,45.728,399.124,519.512,
Paraguay,PRY,2004,1030.461,351.726,401.164,191.143,43.589,42.839,438.154,592.307,
Paraguay,PRY,2005,1033.722,346.971,409.654,176.369,45.839,54.889,447.699,586.023,
Paraguay,PRY,2006,990.9,358.377,375.718,179.377,33.58,43.848,435.805,555.095,
Paraguay,PRY,2007,1080.301,370.346,443.822,184.472,40.562,41.099,452.007,628.294,
Paraguay,PRY,2008,1063.67,371.079,405.508,205.886,40.746,39.925,451.75,611.394,
Paraguay,PRY,2009,1189.601,419.602,450.6,216.243,50.75,51.894,522.246,666.843,
Paraguay,PRY,2010,1150.081,398.056,428.15,231.834,45.77,46.271,490.097,659.984,
Paraguay,PRY,2011,1271.435,464.396,481.949,216.448,44.231,64.411,573.038,698.397,
Paraguay,PRY,2012,1386.85,440.055,511.486,313.755,49.671,71.883,561.609,825.241,
Paraguay,PRY,2013,1413.61,501.892,499.776,288.534,55.052,68.356,625.3,788.31,
Paraguay,PRY,2014,1381.652,516.018,471.229,278.328,57.866,58.211,632.095,749.557,
Paraguay,PRY,2015,1422.617,494.79,493.592,295.543,58.062,80.63,633.482,789.135,
Paraguay,PRY,2016,1339.878,455.927,438.134,346.906,39.628,59.283,554.838,785.04,
Paraguay,PRY,2017,1375.817,439.393,461.169,359.88,47.421,67.954,554.768,821.049,
Paraguay,PRY,2018,1470.033,482.963,469.815,396.293,45.063,75.899,603.925,866.108,
Paraguay,PRY,2019,1528.614,519.77,473.723,415.53,46.161,73.431,639.362,889.252,
Occupied Palestinian Territory,PSE,2000,38.888,,,,,,,58.183,
Occupied Palestinian Territory,PSE,2001,34.756,,,,,,,46.89,
Occupied Palestinian Territory,PSE,2002,34.991,,,,,,,49.998,
Occupied Palestinian Territory,PSE,2003,46.517,,,,,,,63.189,
Occupied Palestinian Territory,PSE,2004,49.629,,,,,,,67.614,
Occupied Palestinian Territory,PSE,2005,48.366,,,,,,,72.687,
Occupied Palestinian Territory,PSE,2006,50.529,,,,,,,82.696,
Occupied Palestinian Territory,PSE,2007,58.729,,,,,,,96.571,
Occupied Palestinian Territory,PSE,2008,66.468,,,,,,,91.185,
Occupied Palestinian Territory,PSE,2009,64.293,,,,,,,97.413,
Occupied Palestinian Territory,PSE,2010,61.118,,,,,,,99.675,
Occupied Palestinian Territory,PSE,2011,75.405,,,,,,,109.54,
Occupied Palestinian Territory,PSE,2012,78.656,,,,,,,118.771,
Occupied Palestinian Territory,PSE,2013,72.805,,,,,,,126.269,
Occupied Palestinian Territory,PSE,2014,77.024,,,,,,,137.452,
Occupied Palestinian Territory,PSE,2015,100.761,,,,,,,139.007,
Occupied Palestinian Territory,PSE,2016,109.581,,,,,,,129.061,
Occupied Palestinian Territory,PSE,2017,119.321,,,,,,,129.027,
Occupied Palestinian Territory,PSE,2018,114.342,,,,,,,140.939,
Occupied Palestinian Territory,PSE,2019,114.442,,,,,,,158.363,
Romania,ROU,1997,1597.62,,,,,,,3968.437,
Romania,ROU,1998,1604.432,,,,,,,3892.631,
Romania,ROU,1999,1323.353,,,,,,,3907.291,
Romania,ROU,2000,1547.753,,,,,,,3825.661,
Romania,ROU,2001,1577.793,,,,,,,3739.814,
Romania,ROU,2002,1367.342,,,,,,,3402.697,
Romania,ROU,2003,1213.741,,,,,,,3225.335,
Romania,ROU,2004,1219.287,,,,,,,3196.783,
Romania,ROU,2005,1176.714,,,,,,,3101.343,
Romania,ROU,2006,1173.864,,,,,,,3187.144,
Romania,ROU,2007,1165.422,,,,,,,3166.707,
Romania,ROU,2008,1144.617,,,,,,,3136.19,
Romania,ROU,2009,1153.167,,,,,,,3115.576,
Romania,ROU,2010,1153.97,,,,,,,2930.589,
Romania,ROU,2011,1207.925,,,,,,,2848.012,
Romania,ROU,2012,1256.565,,,,,,,2794.361,
Romania,ROU,2013,1281.53,,,,,,,2729.624,
Romania,ROU,2014,1286.16,,,,,,,2728.381,
Romania,ROU,2015,3213.379,,,,,,,702.673,
Romania,ROU,2016,1206.982,,,,,,,2626.634,
Romania,ROU,2017,1258.077,,,,,,,2678.198,
Romania,ROU,2018,1224.888,,,,,,,2658.209,
Russian Federation,RUS,2010,36889.208,5797.798,20462.825,2096.886,2394.959,6136.741,14329.498,22559.711,
Russian Federation,RUS,2011,37081.246,5778.263,20490.374,2204.33,2414.066,6194.213,14386.542,22694.703,
Russian Federation,RUS,2012,36948.057,5745.922,20644.704,2326.964,2258.731,5971.737,13976.389,22971.668,
Russian Federation,RUS,2013,36803.511,5611.97,20429.958,2416.895,2219.769,6124.92,13956.658,22846.853,
Russian Federation,RUS,2014,36703.445,5280.778,20552.692,2458.78,2155.007,6256.188,13691.973,23011.472,
Russian Federation,RUS,2015,37160.017,5388.715,20927.595,2479.579,2165.812,6198.317,13752.843,23407.174,
Russian Federation,RUS,2016,37179.893,5354.082,21082.511,2605.468,1986.683,6151.15,13491.914,23687.979,
Russian Federation,RUS,2017,36996.577,5088.34,21163.738,2850.193,1938.854,5955.452,12982.646,24013.931,
Russian Federation,RUS,2018,37041.687,5098.138,21402.184,2785.191,1873.764,5882.41,12854.312,24187.375,
Russian Federation,RUS,2019,36605.252,4762.647,21512.878,2487.878,1918.394,5923.455,12604.496,24000.756,
Rwanda,RWA,2017,1652.994,528.509,616.444,263.14,142.785,102.116,773.41,879.584,
Rwanda,RWA,2018,1706.312,538.011,621.442,295.234,133.66,117.965,789.636,916.676,
Rwanda,RWA,2019,1746.739,569.823,633.273,287.789,141.273,114.58,825.677,921.062,
Rwanda,RWA,2014,2968.59,782.995,1498.297,133.586,412.007,141.706,1336.707,1631.883,
Sudan,SDN,2011,2443.895,717.425,1415.488,,115.829,178.722,1011.976,1415.488,16.431
Senegal,SEN,2015,1481.405,304.126,1023.014,4.485,83.187,65.976,453.289,1027.499,
Solomon Islands,SLB,2013,195.299,48.441,130.315,,3.052,5.127,56.621,130.315,8.363
Sierra Leone,SLE,2014,907.05,103.548,666.128,12.24,88.82,35.251,227.618,678.368,1.063
El Salvador,SLV,2010,1055.488,267.213,267.002,204.849,68.187,248.237,583.637,471.851,
El Salvador,SLV,2011,1061.877,255.6,270.624,210.697,72.798,252.158,580.556,481.321,
El Salvador,SLV,2012,1104.992,265.729,279.697,211.811,78.951,268.804,613.484,491.508,
El Salvador,SLV,2013,1156.911,280.78,290.962,229.937,70.3,284.932,636.012,520.899,
El Salvador,SLV,2014,1159.052,293.709,286.251,229.801,71.465,277.826,643,516.052,
El Salvador,SLV,2015,1146.525,297.348,295.058,220.896,70.633,262.59,630.571,515.954,
El Salvador,SLV,2016,1193.527,311.731,295.964,222.594,74.58,288.658,674.969,518.558,
El Salvador,SLV,2017,1189.402,287.946,299.481,237.967,69.978,294.03,651.954,537.448,
El Salvador,SLV,2018,1210.309,306.395,298.827,233.083,74.722,297.282,678.399,531.91,
El Salvador,SLV,2019,1260.289,325.289,302.088,236.353,77.533,319.026,721.848,538.441,
Serbia,SRB,2008,1440.545,284.513,983.436,,80.92,91.361,456.795,983.436,
Serbia,SRB,2009,1375.818,292.324,918.212,,73.194,92.088,457.606,918.212,
Serbia,SRB,2010,1283.667,278.716,832.407,,72.085,100.458,451.26,832.407,
Serbia,SRB,2011,1242.728,266.876,821.749,,62.902,91.202,420.98,821.749,
Serbia,SRB,2012,1246.663,279.779,819.582,,61.45,85.853,427.081,819.582,
Serbia,SRB,2013,1284.285,273.942,850.808,,57.956,101.58,433.477,850.808,
Serbia,SRB,2014,1383.973,308.529,923.038,,62.632,89.774,460.935,923.038,
Serbia,SRB,2015,1363.753,315.459,896.119,,59.42,92.755,467.634,896.119,
Serbia,SRB,2016,1415.796,335.097,916.27,,69.627,94.803,499.527,916.27,
Serbia,SRB,2017,1434.27,343.175,924.616,,69.321,97.158,509.654,924.616,
Serbia,SRB,2018,1439.25,355.257,923.571,,61.483,98.939,515.679,923.571,
Serbia,SRB,2019,1443.951,358.864,924.283,,67.184,93.62,519.668,924.283,
Suriname,SUR,2016,84.916,30.956,28.265,19.073,2.78,3.843,37.579,47.337,
Slovakia,SVK,1998,360.115,,,,,,,771.385,
Slovakia,SVK,1999,375.685,,,,,,,776.877,
Slovakia,SVK,2000,400.849,,,,,,,776.315,
Slovakia,SVK,2001,416.667,,,,,,,784.004,
Slovakia,SVK,2002,423.222,,,,,,,766.106,
Slovakia,SVK,2003,415.297,,,,,,,780.356,
Slovakia,SVK,2004,426.038,,,,,,,778.888,
Slovakia,SVK,2005,428.534,,,,,,,759.229,
Slovakia,SVK,2006,431.504,,,,,,,753.444,
Slovakia,SVK,2007,449.754,,,,,,,736.304,
Slovakia,SVK,2008,439.321,,,,,,,761.98,
Slovakia,SVK,2009,449.352,,,,,,,743.629,
Slovakia,SVK,2010,479.914,,,,,,,729.621,
Slovakia,SVK,2011,461.202,,,,,,,723.322,
Slovakia,SVK,2012,484.369,,,,,,,715.353,
Slovakia,SVK,2013,486.267,,,,,,,723.388,
Slovakia,SVK,2014,496.964,,,,,,,714.946,
Slovakia,SVK,2015,882.307,,,,,,,351.442,
Slovakia,SVK,2016,530.756,,,,,,,717.406,
Slovakia,SVK,2017,525.982,,,,,,,724.659,
Slovakia,SVK,2018,533.142,,,,,,,707.244,
Slovenia,SVN,1996,151.007,,,,,,,284.473,
Slovenia,SVN,1997,157.674,,,,,,,286.722,
Slovenia,SVN,1998,167.727,,,,,,,284.61,
Slovenia,SVN,1999,172.357,,,,,,,269.236,
Slovenia,SVN,2000,169.06,,,,,,,274.807,
Slovenia,SVN,2001,175.832,,,,,,,267.756,
Slovenia,SVN,2002,184.889,,,,,,,266.216,
Slovenia,SVN,2003,183.151,,,,,,,256.206,
Slovenia,SVN,2004,198.397,,,,,,,265.628,
Slovenia,SVN,2005,190.573,,,,,,,275.919,
Slovenia,SVN,2006,194.345,,,,,,,277.123,
Slovenia,SVN,2007,197.711,,,,,,,275.47,
Slovenia,SVN,2008,211.414,,,,,,,264.733,
Slovenia,SVN,2009,208.822,,,,,,,268.95,
Slovenia,SVN,2010,209.994,,,,,,,266.006,
Slovenia,SVN,2011,214.815,,,,,,,253.483,
Slovenia,SVN,2012,216.565,,,,,,,251.251,
Slovenia,SVN,2013,212.338,,,,,,,249.306,
Slovenia,SVN,2014,207.359,,,,,,,259.36,
Slovenia,SVN,2015,271.62,,,,,,,191.572,
Slovenia,SVN,2016,224.354,,,,,,,239.377,
Slovenia,SVN,2017,238.201,,,,,,,240.842,
Slovenia,SVN,2018,235.428,,,,,,,242.226,
Sweden,SWE,1995,994.604,,,,,,,1125.229,
Sweden,SWE,1996,983.69,,,,,,,1121.228,
Sweden,SWE,1997,998.023,,,,,,,1071.952,
Sweden,SWE,1998,994.035,,,,,,,1025.662,
Sweden,SWE,1999,1040.202,,,,,,,1032.847,
Sweden,SWE,2000,1056.903,,,,,,,1023.625,
Sweden,SWE,2001,1142.23,,,,,,,1025.772,
Sweden,SWE,2002,1161.022,,,,,,,1021.505,
Sweden,SWE,2003,1175.095,,,,,,,1025.423,
Sweden,SWE,2004,1192.082,,,,,,,1007.478,
Sweden,SWE,2005,1206.87,,,,,,,1032.432,
Sweden,SWE,2006,1237.847,,,,,,,1025.369,
Sweden,SWE,2007,1272.67,,,,,,,1026.585,
Sweden,SWE,2008,1290.912,,,,,,,1033.032,
Sweden,SWE,2009,1283.47,,,,,,,1042.277,
Sweden,SWE,2010,1288.214,,,,,,,1039.484,
Sweden,SWE,2011,1310.222,,,,,,,1057.888,
Sweden,SWE,2012,1335.046,,,,,,,1062.716,
Sweden,SWE,2013,1355.235,,,,,,,1071.723,
Sweden,SWE,2014,1376.517,,,,,,,1080.44,
Sweden,SWE,2015,1314.312,,,,,,,1171.39,
Sweden,SWE,2016,1375.606,,,,,,,1135.989,
Sweden,SWE,2017,1404.711,,,,,,,1150.19,
Sweden,SWE,2018,1440.52,,,,,,,1153.313,
Eswatini,SWZ,2016,188.275,85.906,76.65,8.179,12.993,4.547,103.446,84.829,
Seychelles,SYC,2014,24.997,10.516,6.35,6.313,0.543,1.229,12.288,12.663,0.047
Seychelles,SYC,2015,13.714,6.031,3.307,3.574,0.137,0.661,6.829,6.88,
Seychelles,SYC,2016,5.618,2.327,1.384,1.523,0.113,0.27,2.71,2.907,
Seychelles,SYC,2017,23.642,9.486,5.974,6.943,0.318,0.917,10.722,12.917,
Seychelles,SYC,2018,25.153,11.002,5.937,6.802,0.3,1.098,12.4,12.739,
Seychelles,SYC,2019,25.141,10.703,6.569,6.206,0.446,1.219,12.367,12.775,
Chad,TCD,2018,1946.313,194.204,1278.874,6.655,280.405,186.175,660.784,1285.528,
Togo,TGO,2017,1139.586,121.245,841.811,,118.617,57.914,297.776,841.811,
Togo,TGO,2006,1301.142,238.599,880.693,,115.473,66,420.072,880.693,
Togo,TGO,2011,1401.263,283.005,784.771,120.453,135.248,74.867,493.12,905.224,2.92
Togo,TGO,2015,1453.758,249.449,830.466,143.547,161.994,68.017,479.461,974.013,
Togo,TGO,2014,832.139,221.947,553.646,17.52,8.591,30.435,260.973,571.166,
Thailand,THA,2010,17493.71,2963.191,12510.234,,1058.727,956.388,4978.307,12510.234,5.169
Thailand,THA,2013,17566.514,2949.44,12567.458,,1055.735,990.736,4995.911,12567.458,3.145
Thailand,THA,2014,17422.016,3262.747,12097.807,,1083.196,974.568,5320.511,12097.807,3.698
Thailand,THA,2015,17431.836,3312.279,12052.562,,1064.258,1000.761,5377.298,12052.562,1.976
Thailand,THA,2016,17293.969,3403.285,11812.096,,1039.014,1037.201,5479.5,11812.096,2.374
Thailand,THA,2017,17180.239,3434.471,11664.034,,1018.012,1060.557,5513.039,11664.034,3.166
Thailand,THA,2018,17363.965,3487.721,11745.061,,1019.16,1109.981,5616.862,11745.061,2.041
Thailand,THA,2019,17273.575,3604.449,11559.855,,1007.888,1097.091,5709.428,11559.855,4.292
Tajikistan,TJK,2009,750.958,187.897,467.346,0.838,61.17,33.707,282.774,468.184,
Timor-Leste,TLS,2010,83.287,17.174,47.318,3.916,13.618,1.261,32.053,51.234,
Timor-Leste,TLS,2013,73.03,14.683,42.327,7.348,7.521,1.117,23.321,49.675,
Timor-Leste,TLS,2016,219.277,19.584,30.712,141.625,7.14,19.191,45.915,172.337,1.025
Tonga,TON,2018,12.914,3.385,8.048,0.111,0.92,0.451,4.755,8.159,
Trinidad and Tobago,TTO,2010,249.68,98.432,79.942,27.505,,43.471,141.903,107.447,0.331
Trinidad and Tobago,TTO,2011,254.726,100.038,83.602,29.035,,41.483,141.521,112.637,0.568
Trinidad and Tobago,TTO,2012,268.59,102.395,86.992,33.079,,45.62,148.015,120.07,0.505
Trinidad and Tobago,TTO,2013,267.837,105.944,86.458,30.736,,44.054,149.998,117.194,0.645
Trinidad and Tobago,TTO,2014,273.03,109.886,84.04,34.333,,43.848,153.734,118.373,0.922
Trinidad and Tobago,TTO,2015,263.558,104.621,80.918,32.839,,44.818,149.439,113.757,0.362
Trinidad and Tobago,TTO,2016,265.827,104.417,81.977,32.781,,46.299,150.716,114.758,0.353
Tunisia,TUN,2005,881.005,438.965,394.685,,28.116,19.158,486.239,394.685,0.081
Tunisia,TUN,2006,926.563,442.007,435.823,,29.626,19.027,490.659,435.823,
Tunisia,TUN,2007,949.626,464.21,435.473,,29.361,20.455,514.026,435.473,0.127
Tunisia,TUN,2008,973.748,471.469,453.204,,29.242,19.613,520.324,453.204,0.22
Tunisia,TUN,2009,994.062,466.076,482.643,,24.891,20.311,511.278,482.643,0.141
Tunisia,TUN,2010,1011.049,485.593,476.527,,29.424,19.298,534.315,476.527,0.207
Tunisia,TUN,2011,1026.719,506.434,474.3,,22.704,23.056,552.195,474.3,
Tunisia,TUN,2012,1070.966,534.625,485.889,,23.066,27.385,585.077,485.889,
Tunisia,TUN,2013,1081.685,512.158,518.652,,26.007,24.868,563.033,518.652,
Tunisia,TUN,2015,1121.704,456.559,610.017,,23.53,31.572,511.661,610.017,
Tunisia,TUN,2016,1162.307,483.382,621.932,,24.7,32.293,540.375,621.932,
Tunisia,TUN,2017,1173.624,475.903,638.038,,27.833,31.849,535.585,638.038,
Tuvalu,TUV,2016,1.477,0.299,1.081,,0.053,0.044,0.396,1.081,
"Tanzania, United Republic of",TZA,2001,7723.943,1903.949,4801.28,,544.153,474.561,2922.663,4801.28,
"Tanzania, United Republic of",TZA,2006,9588.463,1927.238,5997.851,,893.304,770.07,3590.612,5997.851,
"Tanzania, United Republic of",TZA,2014,10730.181,2271.515,6000.58,370.758,1031.51,1055.817,4358.842,6371.338,
Uganda,UGA,2012,2029,,,,,,,3176.88,
Uganda,UGA,2017,4427.108,864.054,2660.775,,356.064,546.215,1766.333,2660.775,
Ukraine,UKR,2018,8546.036,1482.034,4905.286,,426.857,1731.859,3640.75,4905.286,
Ukraine,UKR,2019,8654.051,1417.005,5025.465,,490.012,1721.568,3628.585,5025.465,
Uruguay,URY,1998,516.449,146.397,229.899,50.748,24.165,65.24,235.802,280.647,
Uruguay,URY,1999,504.588,143.128,221.587,51.924,22.356,65.593,231.077,273.511,
Uruguay,URY,2000,513.693,146.692,225.577,50.986,21.945,68.493,237.13,276.563,
Uruguay,URY,2001,527.732,148.227,222.883,63.197,22.544,70.881,241.652,286.08,
Uruguay,URY,2002,504.507,141.424,212.19,61.648,21.654,67.591,230.669,273.838,
Uruguay,URY,2003,497.793,137.51,206.905,62.545,20.623,70.21,228.343,269.45,
Uruguay,URY,2004,493.792,134.255,203.027,64.158,21.525,70.827,226.607,267.185,
Uruguay,URY,2005,494.121,136.54,191.009,69.13,22.876,74.566,233.982,260.139,
Uruguay,URY,2006,659.28,177.56,291.754,104.57,29.396,56,262.956,396.324,
Uruguay,URY,2007,666.493,156.628,284.348,117.01,29.503,79.004,265.135,401.358,
Uruguay,URY,2008,686.36,147.434,289.505,117.638,32.568,99.215,279.217,407.143,
Uruguay,URY,2009,697.299,144.721,285.628,134.748,32.799,99.403,276.923,420.376,
Uruguay,URY,2010,768.17,150.634,308.845,160.993,33.286,114.412,298.332,469.838,
Uruguay,URY,2011,795.939,167.961,306.253,174.915,31.006,115.804,314.771,481.168,
Uruguay,URY,2012,770.54,151.571,289.784,173.382,30.244,125.559,307.374,463.166,
Uruguay,URY,2013,780.681,148.895,292.217,191.133,28.26,120.176,297.331,483.35,
Uruguay,URY,2014,802.948,148.447,290.431,204.696,30.228,129.146,307.821,495.127,
Uruguay,URY,2015,809.006,145.624,290.018,211.183,27.548,134.633,307.805,501.201,
Uruguay,URY,2016,814.33,141.118,296.021,214.554,27.857,134.78,303.755,510.575,
Uruguay,URY,2017,815.8,141.865,291.748,219.058,26.725,136.404,304.994,510.806,
Uruguay,URY,2018,819.399,149.019,282.219,222.427,25.369,140.365,314.753,504.646,
Uruguay,URY,2019,776.621,142.203,266.746,213.811,22.608,131.253,296.064,480.557,
United States,USA,1994,60309.717,15366.661,33460.872,,2063.487,9418.697,26848.845,33460.872,
United States,USA,1995,61058.799,15474.59,33989.976,,1991.288,9602.944,27068.823,33989.976,
United States,USA,1996,61944.951,15848.195,34279.11,,1901.726,9915.92,27665.841,34279.11,
United States,USA,1997,63142.958,16515.719,34515.575,,1996.62,10115.043,28627.383,34515.575,
United States,USA,1998,63714.203,17086.769,34486.464,,2012.024,10128.946,29227.74,34486.464,
United States,USA,1999,64855.473,17574.736,35025.162,,1971.986,10283.588,29830.31,35025.162,
United States,USA,2000,66302.883,17849.388,35911.664,,2042.37,10499.462,30391.22,35911.664,
United States,USA,2001,66848.36,18020.839,36064.795,,2084.98,10677.746,30783.565,36064.795,
United States,USA,2002,67363.205,18203.242,36290.193,,2068.099,10801.671,31073.012,36290.193,
United States,USA,2003,68272.045,18397.479,36866.386,,2076.725,10931.454,31405.658,36866.386,
United States,USA,2004,68421.374,18615.582,36736.73,,2080.991,10988.07,31684.643,36736.73,
United States,USA,2005,69287.784,19182.941,36861.638,,2100.141,11143.063,32426.145,36861.638,
United States,USA,2006,70172.62,19473.675,37267.093,,2096.72,11335.132,32905.527,37267.093,
United States,USA,2007,70987.9,19744.685,37790.708,,2109.283,11343.224,33197.192,37790.708,
United States,USA,2008,71767.062,20230.724,38100.367,,2173.055,11262.916,33666.695,38100.367,
United States,USA,2009,72019.034,20224.27,38228.172,,2184.513,11382.079,33790.861,38228.172,
United States,USA,2010,71903.874,20591.821,37737.353,,2280.24,11294.46,34166.521,37737.353,
United States,USA,2011,71642.144,20941.266,37124.274,,2241.973,11334.631,34517.87,37124.274,
United States,USA,2012,72647.859,21555.531,37420.344,,2146.387,11525.597,35227.515,37420.344,
United States,USA,2013,72722.356,22122.291,37148.444,,2117.612,11334.009,35573.912,37148.444,
United States,USA,2014,73039.474,22384.659,37056.641,,2154.957,11443.217,35982.833,37056.641,
United States,USA,2015,73509.586,22798.275,37142.274,,2189.813,11379.223,36367.312,37142.274,
United States,USA,2016,74432.232,23381.296,37409.408,,2262.441,11379.088,37022.825,37409.408,
United States,USA,2017,75174.518,24053.657,37787.693,,2268.926,11064.242,37386.825,37787.693,
United States,USA,2018,75978.463,24633.718,37924.691,,2285.451,11134.603,38053.773,37924.691,
United States,USA,2019,76851.678,25094.156,38331.901,,2347.46,11078.161,38519.777,38331.901,
"Venezuela, Bolivarian Republic of",VEN,2005,4478.54,1362.489,1124.2,1179.703,145.1,641.267,2148.856,2303.903,25.782
"Venezuela, Bolivarian Republic of",VEN,2006,4656.957,1431.422,1160.413,1242.195,151.24,670.117,2252.778,2402.608,1.571
"Venezuela, Bolivarian Republic of",VEN,2007,4735.398,1470.388,1127.324,1277.915,151.87,707.293,2329.551,2405.239,0.608
"Venezuela, Bolivarian Republic of",VEN,2008,4841.697,1486.005,1216.99,1308.539,146.207,683.314,2315.526,2525.529,0.643
"Venezuela, Bolivarian Republic of",VEN,2009,4974.707,1505.218,1153.737,1413.068,159.9,740.364,2405.482,2566.805,2.421
"Venezuela, Bolivarian Republic of",VEN,2010,5039.437,1473.107,1095.181,1476.894,150.443,843.268,2466.817,2572.075,
"Venezuela, Bolivarian Republic of",VEN,2011,5148.344,1481.729,1089.25,1518.411,150.92,907.238,2539.887,2607.661,0.797
"Venezuela, Bolivarian Republic of",VEN,2012,5235.861,1462.415,1138.166,1519.94,159.963,955.356,2577.733,2658.106,
"Venezuela, Bolivarian Republic of",VEN,2016,5413.302,1587.43,1187.158,1549.783,156.248,929.897,2673.575,2736.941,2.786
"Venezuela, Bolivarian Republic of",VEN,2017,6249.812,1859.338,1175.75,1995.358,178.76,1036.13,3074.228,3171.108,4.476
Viet Nam,VNM,2010,24218.878,4069.35,17930.077,,1587.2,603.626,6260.177,17930.077,28.624
Viet Nam,VNM,2011,24820.916,3865.353,18616.816,,1701.191,602.734,6169.278,18616.816,34.823
Viet Nam,VNM,2012,25157.921,3497.028,19126.831,,1805.515,646.892,5949.436,19126.831,81.655
Viet Nam,VNM,2013,25670.212,3543.583,19555.731,,1857.889,706.033,6107.505,19555.731,6.976
Viet Nam,VNM,2014,26010.987,3438.524,20016.5,,1839.61,703.082,5981.215,20016.5,13.272
Viet Nam,VNM,2015,26067.459,3506.825,20032.695,,1776.234,742.492,6025.552,20032.695,9.212
Viet Nam,VNM,2016,26306.396,3457.376,20281.155,,1811.562,752.461,6021.398,20281.155,3.843
Viet Nam,VNM,2017,26337.57,3496.609,20279.991,,1775.425,785.489,6057.522,20279.991,
Viet Nam,VNM,2018,26189.2,3341.957,20271.239,,1760.595,815.409,5917.961,20271.239,
Viet Nam,VNM,2019,23934.83,3170.037,18548.082,,1345.894,870.817,5386.748,18548.082,
Vanuatu,VUT,2006,42.638,9.904,30.025,0.842,1.506,0.343,11.753,30.867,
Vanuatu,VUT,2010,43.909,8.278,28.555,4.079,2.144,0.853,11.275,32.634,
Vanuatu,VUT,2009,43.031,9.4,24.625,6.173,1.985,0.848,12.233,30.798,
Samoa,WSM,2012,14.201,3.436,9.047,,0.656,1.062,5.154,9.047,
Samoa,WSM,2017,6.043,,,,,,,11.264,
Yemen,YEM,2014,396.633,134.274,217.545,,28.655,16.159,179.088,217.545,
South Africa,ZAF,2000,6503.501,,2953.116,1676.96,345.829,1524.774,1870.603,4630.076,2.821
South Africa,ZAF,2001,6571.794,,3018.456,406.406,330.883,2814.867,3145.749,3424.862,1.182
South Africa,ZAF,2002,6421.698,,2933.651,334.078,330.365,2822.666,3153.031,3267.729,0.939
South Africa,ZAF,2003,6401.195,,2894.911,348.989,316.599,2839.359,3155.958,3243.899,
South Africa,ZAF,2004,6178.628,1300.828,2510.442,448.012,321.674,1597.325,3219.827,2958.454,
South Africa,ZAF,2005,6598.009,2936.527,2316.237,679.05,348.465,315.957,3600.949,2995.287,1.774
South Africa,ZAF,2006,6784.036,3135.942,2359.218,637.974,370.998,279.736,3786.676,2997.192,
South Africa,ZAF,2007,6882.984,3206.265,2411.379,643.168,353.721,265.818,3825.804,3054.547,2.632
South Africa,ZAF,2008,8537.83,3916.03,2881.7,902.99,448.071,389.039,4753.14,3784.691,
South Africa,ZAF,2009,8387.826,3859.434,2808.785,920.116,428.796,370.696,4658.926,3728.901,
South Africa,ZAF,2010,8238.149,3805.109,2787.55,855.012,433.559,356.919,4595.587,3642.562,
South Africa,ZAF,2011,8460.445,3991.434,2832.585,854.98,416.268,365.178,4772.88,3687.565,
South Africa,ZAF,2012,8647.542,4063.303,2907.024,893.178,401.088,382.95,4847.34,3800.202,
South Africa,ZAF,2013,8986.872,4288.936,2917.989,938.663,445.387,395.898,5130.221,3856.651,
South Africa,ZAF,2014,9191.932,4479.937,2928.718,942.159,485.527,355.591,5321.054,3870.877,
South Africa,ZAF,2015,9606.198,4645.999,3069.846,1066.306,444.564,379.483,5470.045,4136.152,
South Africa,ZAF,2016,9780.434,4790.553,3045.566,1121.524,449.707,373.084,5613.344,4167.09,
South Africa,ZAF,2017,10150.12,5011.26,3150.598,1137.235,474.834,376.193,5862.287,4287.833,
South Africa,ZAF,2018,10294.157,5177.067,3121.128,1159.304,461.67,374.988,6013.725,4280.432,
South Africa,ZAF,2019,10485.426,5336.023,3168.061,1153.882,460.173,367.287,6163.482,4321.943,
Zambia,ZMB,2017,1318.333,276.244,730.929,2.547,135.203,173.409,584.857,733.477,
Zambia,ZMB,2018,1229.302,265.266,613.972,2.439,144.443,203.181,612.89,616.411,
Zimbabwe,ZWE,2011,2900.834,512.018,1704.685,,455.309,223.804,1191.131,1704.685,5.018
Zimbabwe,ZWE,2014,3347.523,553.399,2011.064,,496.326,282.558,1332.282,2011.064,4.177
Zimbabwe,ZWE,2019,1525.118,240.566,906.573,,162.285,215.694,618.545,906.573,
